p_val	avg_log2FC	pct.1	pct.2	p_val_adj	gene	seurat_clusters
2.18822907259125e-147	0.92321280968724	0.991	0.998	7.33888266365653e-143	MT-CYB	c13
1.99694198199626e-132	0.808502922906162	0.993	0.998	6.69734401921906e-128	MT-ND4L	c13
2.69763040171077e-131	1.07356089082442	1	0.982	9.04731284125759e-127	MALAT1	c13
8.34331401382983e-127	0.617480616067301	0.993	0.998	2.79818065395825e-122	MT-CO3	c13
2.14336973863265e-116	0.945903028382525	0.991	0.994	7.1884334294262e-112	MT-ND3	c13
8.65977742557497e-116	0.542322400696529	0.993	0.999	2.90431615298933e-111	MT-CO2	c13
8.45707366504777e-114	0.907499622913648	0.987	0.992	2.83633336578372e-109	MT-ND1	c13
2.72745918308374e-109	0.5939460188381	0.993	0.999	9.14735260822625e-105	MT-CO1	c13
2.74674627416108e-108	1.07933655352253	0.964	0.967	9.21203765428143e-104	MT-ND2	c13
3.5798950219598e-105	0.978323684878154	0.971	0.967	1.20062519246488e-100	MT-ND4	c13
3.80299606384043e-105	0.734008688365047	0.991	0.997	1.2754488198908e-100	MT-ATP6	c13
6.86216867161325e-99	0.731414494130129	0.982	0.996	2.30143412908565e-94	MT-ATP8	c13
1.63305444883517e-94	0.810501077174829	0.969	0.991	5.47693801050341e-90	MT-ND5	c13
8.4352510041626e-75	1.67134236332307	0.922	0.839	2.82901448177605e-70	FOS	c13
1.40978751197486e-65	1.23447627245342	0.896	0.657	4.72814535766129e-61	IL7R	c13
7.26606734973122e-61	2.33737764423225	0.824	0.766	2.43689366775286e-56	JUN	c13
8.16556770293273e-53	1.7933200663266	0.78	0.654	2.73856809620958e-48	FOSB	c13
2.40648217191448e-37	2.63664912076302	0.442	0.239	8.07085990816679e-33	TNF	c13
1.31966285728441e-35	1.11489894119334	0.871	0.87	4.42588529076045e-31	KLF6	c13
1.73590887219311e-35	2.96733634845828	0.451	0.27	5.82189117556124e-31	EGR1	c13
8.42531976268134e-35	0.627627361894954	0.813	0.84	2.82568374200807e-30	MT-ND6	c13
7.94819783967087e-30	1.1190323089516	0.871	0.893	2.66566659146882e-25	DUSP1	c13
1.24445299123015e-28	1.62685900595442	0.591	0.502	4.17364644198769e-24	AHNAK	c13
5.59278059150226e-27	1.82627161087539	0.589	0.557	1.87570675477803e-22	JUND	c13
1.811584179467e-25	1.10091400088876	0.84	0.856	6.07569102109644e-21	TSC22D3	c13
1.73288344726269e-24	4.58620604145507	0.033	0.003	5.81174450542961e-20	AL035634.1	c13
2.48373970308613e-22	2.27192562466192	0.653	0.661	8.32996621621026e-18	IER2	c13
4.06746959860145e-22	1.08416913627008	0.653	0.701	1.36414795397896e-17	RSRP1	c13
4.93423962502376e-21	0.611799605439857	0.882	0.937	1.65484528544047e-16	DDX5	c13
2.49284090714245e-20	1.04056817480087	0.771	0.866	8.36048983437436e-16	SRSF7	c13
7.47317329434754e-20	3.530562829452	0.118	0.037	2.50635285945828e-15	AC245014.3	c13
9.38042116449638e-20	0.948259017829796	0.696	0.792	3.1460056501488e-15	FUS	c13
3.81081093158007e-17	1.76278333751182	0.549	0.468	1.27806977023332e-12	HSPA1B	c13
1.00354020326222e-15	0.105297758326109	0.193	0.463	3.36567313370084e-11	BCAS2	c13
1.54965645574925e-15	0.100360624496808	0.149	0.391	5.19723782129183e-11	NRBP1	c13
1.39468286224082e-14	1.04720111506105	0.836	0.911	4.67748738338327e-10	HSP90AA1	c13
3.48585113124495e-14	0.102569139262429	0.167	0.407	1.16908475239693e-09	COPS6	c13
1.11975253755515e-13	0.815868726550724	0.718	0.729	3.75542606045245e-09	TXNIP	c13
4.35891114678824e-13	0.981591539139206	0.662	0.733	1.46189162040984e-08	PPP1R15A	c13
7.1631042563749e-13	0.775239977139835	0.931	0.946	2.40236190550302e-08	H3F3B	c13
1.48531198576135e-12	1.75182957847982	0.396	0.332	4.98143933784643e-08	ERN1	c13
2.4927236935106e-12	0.1145476446728	0.122	0.31	8.36009672329584e-08	H2AFJ	c13
2.66746028393158e-12	0.171004135023427	0.153	0.365	8.94612830024973e-08	LUC7L2	c13
2.89105607613692e-12	0.143466677311906	0.238	0.517	9.69602386814799e-08	HNRNPM	c13
3.75987243013342e-12	0.113660519324511	0.151	0.363	1.26098601561815e-07	EIF2A	c13
5.12839104195288e-12	2.26450222495272	0.164	0.084	1.71995978765016e-07	PLCB1	c13
5.58053344787418e-12	0.107330441548401	0.189	0.419	1.87159930774804e-07	DDX46	c13
6.47729815064825e-12	0.100510007589845	0.142	0.342	2.17235625376441e-07	CNPPD1	c13
8.30882008008831e-12	0.225123499432533	0.18	0.408	2.78661207846002e-07	SLTM	c13
8.5472684255866e-12	0.133770005610736	0.222	0.483	2.86658288457323e-07	METTL26	c13
1.1497458166875e-11	0.147592171327046	0.204	0.444	3.85601752000653e-07	SSBP4	c13
1.16030489864876e-11	0.765559363340888	0.684	0.612	3.8914305690882e-07	ANXA1	c13
1.19196790560728e-11	0.254492304085005	0.131	0.323	3.99762196182569e-07	TOX4	c13
1.81955323206422e-11	0.21392431710061	0.167	0.38	6.102417629697e-07	PPCS	c13
1.82025853905975e-11	0.101308885358975	0.304	0.621	6.10478308829858e-07	KRT10	c13
1.82518570021343e-11	0.117672645966814	0.122	0.305	6.12130780137579e-07	RPL7L1	c13
1.86362664687832e-11	0.126749493852398	0.198	0.434	6.25023104830051e-07	WASF2	c13
1.95622871948803e-11	0.177137045494395	0.102	0.271	6.56079987941896e-07	HSPA4	c13
2.21201359023538e-11	0.153590293739009	0.076	0.225	7.41865117893141e-07	WDR45	c13
2.32461155148817e-11	0.138865389361542	0.12	0.3	7.79628222138103e-07	BAG6	c13
2.45656871747895e-11	0.16175271848162	0.133	0.321	8.23884016468089e-07	EIF4G1	c13
2.61875564875417e-11	0.956654065219245	0.836	0.909	8.78278269479174e-07	CD69	c13
3.20710848272958e-11	0.112953337438161	0.147	0.342	1.07560004293785e-06	DHPS	c13
3.33885146399105e-11	0.148036053852571	0.156	0.357	1.11978400399332e-06	PIK3CD	c13
3.54266660654563e-11	0.142135628457491	0.122	0.303	1.18813952650327e-06	PPHLN1	c13
5.04764091341705e-11	0.167349888101311	0.171	0.383	1.69287780954181e-06	MOB4	c13
5.51392787869046e-11	0.12349730998517	0.249	0.518	1.84926113195521e-06	LSM8	c13
5.74084029167092e-11	0.344425140221512	0.162	0.367	1.92536301702059e-06	COPB1	c13
6.05433623583738e-11	0.214267962687387	0.138	0.324	2.03050328677514e-06	EIF5B	c13
6.11274057898578e-11	0.223966632037269	0.176	0.389	2.05009093538025e-06	SMAP1	c13
7.19219988973792e-11	0.121266996743795	0.191	0.41	2.41211999902031e-06	CHST12	c13
7.25936848121717e-11	0.127472409428711	0.244	0.495	2.43464700123062e-06	ATRX	c13
7.93303657064301e-11	0.287080004276166	0.209	0.439	2.66058180506225e-06	FLNA	c13
8.7445786629019e-11	2.48510363897246	0.138	0.067	2.93275679196404e-06	AC004832.6	c13
1.00682212235878e-10	0.1075048940157	0.149	0.342	3.37668003396688e-06	DNAJC19	c13
1.13179005692654e-10	0.113353118647199	0.171	0.38	3.79579749292021e-06	STXBP2	c13
1.29052704974331e-10	0.145430163695769	0.104	0.266	4.3281696194291e-06	MFSD14A	c13
1.36751196407648e-10	0.101913022633125	0.18	0.392	4.58636162511969e-06	KIF2A	c13
1.45678189853155e-10	0.132518151699121	0.218	0.455	4.8857551312951e-06	RGS14	c13
1.45849534706436e-10	0.120941328155903	0.14	0.322	4.89150169498444e-06	NARF	c13
1.81317952633211e-10	0.126395908123557	0.044	0.164	6.08104149541263e-06	CASP7	c13
2.01932906509348e-10	0.321279335201962	0.087	0.234	6.77242581851051e-06	CCDC47	c13
2.44790939415991e-10	0.191335565323691	0.113	0.279	8.2097985261335e-06	RABGGTB	c13
2.90369574027305e-10	1.52923731120431	0.518	0.509	9.73841477372774e-06	NR4A1	c13
3.17485730282322e-10	4.14193238535035	0.031	0.006	1.06478364222085e-05	AL360012.1	c13
3.4266755105485e-10	0.232724727213443	0.164	0.364	1.14923843272776e-05	ORMDL1	c13
3.57845236102784e-10	0.114787918772328	0.207	0.429	1.20014135284152e-05	DDX6	c13
3.60826182187737e-10	0.104450448653137	0.16	0.346	1.21013884982123e-05	GPR171	c13
4.0390053871435e-10	0.13631033353081	0.153	0.342	1.35460162674019e-05	LMAN1	c13
4.22563234029274e-10	0.131293343812728	0.129	0.302	1.41719257428738e-05	PLEKHJ1	c13
4.30787543883641e-10	0.199385002494834	0.116	0.279	1.44477526467695e-05	MT1X	c13
4.46501660735764e-10	0.232831807474626	0.116	0.278	1.49747726977561e-05	MRPS5	c13
4.62527858390394e-10	0.181250861866991	0.109	0.267	1.5512259314697e-05	IRAK4	c13
4.87619805957789e-10	0.156957371358225	0.171	0.37	1.63537930522123e-05	ZNF24	c13
4.97238562094878e-10	0.157513974998488	0.164	0.362	1.6676386895538e-05	OS9	c13
5.08564601645757e-10	0.139785121585928	0.091	0.235	1.70562396099954e-05	DPF2	c13
5.16332269873551e-10	0.204758764245274	0.156	0.343	1.73167516670192e-05	PTK2B	c13
5.33696527015801e-10	0.12696419151164	0.142	0.321	1.78991141230559e-05	CEP57	c13
5.76520859421474e-10	0.172831846080832	0.091	0.237	1.93353565832774e-05	DHX30	c13
5.99355106259389e-10	0.165882233890994	0.08	0.217	2.01011715537274e-05	NDUFAF4	c13
6.09973974333776e-10	0.176161747924956	0.133	0.305	2.04573071512062e-05	TACC1	c13
6.24190951491623e-10	0.111782738752077	0.116	0.279	2.0934116131126e-05	ORMDL2	c13
6.39232316853347e-10	0.217869429494469	0.076	0.211	2.14385734426275e-05	NCBP2-AS2	c13
6.63550039359623e-10	0.250568728253815	0.18	0.383	2.2254141220043e-05	NIPBL	c13
6.65362399907388e-10	0.118033922039459	0.162	0.351	2.2314924168094e-05	AC116366.3	c13
7.04486041138072e-10	0.226131447569358	0.138	0.314	2.36270528476887e-05	SEC61A1	c13
7.14252169395416e-10	0.266099785508856	0.196	0.41	2.39545892571835e-05	MYCBP2	c13
7.55259046098157e-10	0.120749115748176	0.1	0.25	2.532987788804e-05	MAN1A2	c13
7.5593618977978e-10	0.199656211052437	0.2	0.416	2.53525879328343e-05	BAZ1A	c13
7.66555680119372e-10	0.270560057728631	0.167	0.363	2.57087443998435e-05	TMED5	c13
7.97181629970069e-10	0.139313602853751	0.109	0.265	2.67358775059362e-05	HCFC1R1	c13
8.09965032163019e-10	0.196638186826471	0.113	0.272	2.71646072486833e-05	CIAO1	c13
8.11168079355134e-10	0.264028667784661	0.104	0.257	2.72049550454125e-05	EML3	c13
8.50218504991158e-10	3.67164032816288	0.029	0.006	2.85146282203934e-05	AC083973.1	c13
8.55250793442184e-10	0.125478931075904	0.124	0.291	2.8683401110464e-05	FUBP1	c13
9.2544938577979e-10	0.131271738751515	0.107	0.26	3.10377215002826e-05	PAF1	c13
9.76175264691245e-10	0.118344914444977	0.113	0.271	3.2738966027215e-05	CFDP1	c13
9.85882183109647e-10	0.149096630765637	0.118	0.28	3.30645166571313e-05	BCCIP	c13
9.9780375547877e-10	0.103578584412112	0.064	0.19	3.3464342351247e-05	NUPL2	c13
1.05277195155417e-09	0.249040168183714	0.118	0.277	3.53078657112239e-05	SOD2	c13
1.08870687570537e-09	0.186817155822085	0.113	0.269	3.65130511974065e-05	SRP54	c13
1.10993545379319e-09	0.146454361005578	0.156	0.342	3.72250152493159e-05	MRPL18	c13
1.12259693721814e-09	0.17204713925255	0.196	0.407	3.76496560804219e-05	C4orf48	c13
1.16022303130699e-09	0.170378568132285	0.156	0.339	3.89115600239737e-05	NASP	c13
1.2760843709121e-09	0.142186925691622	0.04	0.148	4.27973176316502e-05	SGTA	c13
1.29456713310936e-09	0.443057403732994	0.102	0.251	4.34171925102218e-05	CHD4	c13
1.31872480480661e-09	0.145533096475825	0.218	0.446	4.42273925036039e-05	PET100	c13
1.35766963743117e-09	0.105704190569301	0.102	0.251	4.55335243001666e-05	RAB29	c13
1.42700526723186e-09	0.190030069481875	0.109	0.26	4.78589026524222e-05	DHX9	c13
1.45147984005792e-09	0.13291964828798	0.251	0.506	4.86797308758624e-05	SF3A2	c13
1.50262326245574e-09	0.101424860806691	0.291	0.553	5.03949789762406e-05	ITGA4	c13
1.50904402569273e-09	0.202453044853644	0.311	0.601	5.06103185336829e-05	RNF149	c13
1.56880326611743e-09	0.264271426062434	0.136	0.308	5.26145239390463e-05	TOR1AIP1	c13
1.5732500691853e-09	0.209800416589403	0.178	0.37	5.27636608203367e-05	AC243960.1	c13
1.57815788172217e-09	0.130049515335547	0.113	0.27	5.29282590371982e-05	IMP4	c13
1.58845498227508e-09	0.267831480895755	0.091	0.232	5.32736031955416e-05	PPP6R1	c13
1.6659742622988e-09	0.318309188534926	0.102	0.25	5.58734448089773e-05	USP8	c13
1.74116454857477e-09	0.194980882137634	0.231	0.463	5.83951766301006e-05	TLN1	c13
1.75871937874247e-09	0.196513419525353	0.091	0.232	5.89839305242648e-05	ARFGAP2	c13
1.78808788890131e-09	0.401047415702812	0.176	0.373	5.99688916179721e-05	BPTF	c13
1.81614584517267e-09	0.115633102180437	0.253	0.5	6.0909899355401e-05	HNRNPUL1	c13
1.91814690833999e-09	0.195485239050102	0.173	0.368	6.43308110119067e-05	RAB6A	c13
1.92510134907196e-09	0.156907073276076	0.056	0.173	6.45640490451754e-05	MCMBP	c13
1.99874166905223e-09	0.178048891127531	0.12	0.278	6.70337980966736e-05	RASSF7	c13
2.03223960475625e-09	0.18648422337233	0.096	0.239	6.8157251864315e-05	RABIF	c13
2.05200347061755e-09	0.178950451221464	0.116	0.271	6.88200923975714e-05	RALBP1	c13
2.06462631293456e-09	0.180903462119476	0.153	0.333	6.92434372831992e-05	MLEC	c13
2.11831033566723e-09	0.203855981785312	0.142	0.315	7.10438920376075e-05	ZFAND2B	c13
2.15365684745929e-09	0.104428212890663	0.256	0.507	7.22293433500897e-05	SCAF11	c13
2.21313213967473e-09	0.245792545933492	0.251	0.496	7.42240257004112e-05	KTN1	c13
2.23339838721376e-09	0.185175090074012	0.124	0.284	7.49037151103752e-05	TUBA1C	c13
2.32119047584603e-09	0.157295339035762	0.16	0.344	7.78480861789241e-05	SUMF2	c13
2.53890994528968e-09	0.299691539952189	0.1	0.246	8.51499617451253e-05	MRPL27	c13
2.68041159274795e-09	0.281189297716537	0.12	0.276	8.98956439975808e-05	SYAP1	c13
2.68174458203602e-09	0.422575269224116	0.078	0.207	8.9940349792324e-05	MARCKSL1	c13
2.77268779124598e-09	0.222050113128418	0.147	0.321	9.29904031428078e-05	NFATC3	c13
2.9685636170587e-09	3.92743170709196	0.029	0.006	9.95596865889146e-05	HIST2H3D	c13
2.99219003880732e-09	0.271676113953962	0.162	0.347	0.00010035206952152	DNMT1	c13
3.03940805193266e-09	0.161933284348926	0.176	0.361	0.000101935667245718	IQGAP2	c13
3.35915081836105e-09	0.128603277688028	0.162	0.344	0.000112659200146193	MAPK1	c13
3.36753914314686e-09	0.166632136537598	0.171	0.361	0.000112940527782859	NT5C	c13
3.40059503901338e-09	0.186590633750619	0.127	0.286	0.000114049156418431	EHD1	c13
3.48941864859518e-09	0.213495666522438	0.149	0.322	0.000117028122636585	TMEM165	c13
3.631171404975e-09	0.193338804514728	0.193	0.4	0.000121782226580052	MFSD10	c13
3.70779436195152e-09	0.134858035045883	0.078	0.205	0.00012435200731113	OAS2	c13
3.77858300517056e-09	0.261956913857639	0.129	0.289	0.00012672611682741	COPA	c13
3.86067946130144e-09	0.215253847165862	0.247	0.49	0.000129479467773128	TRABD	c13
4.07112203557552e-09	0.155774108261627	0.133	0.297	0.000136537290829132	XRN1	c13
4.16341801675652e-09	0.234137174259125	0.147	0.32	0.00013963271344598	APOL6	c13
4.20360896077670e-09	0.249612728811372	0.309	0.594	0.000140980637326529	VCP	c13
4.28373690162817e-09	0.293361878562543	0.096	0.236	0.000143667968206805	FAM120AOS	c13
4.60647380296746e-09	0.270710202129955	0.084	0.216	0.000154491918403923	COMMD2	c13
4.68690482007789e-09	0.213469947996488	0.204	0.411	0.000157189413855772	TBCC	c13
4.69445014277435e-09	0.11622738755399	0.204	0.418	0.000157442468888366	VPS29	c13
4.7367317908402e-09	0.20205565997649	0.098	0.237	0.000158860510801199	PUM1	c13
4.78127054864865e-09	0.203608635972685	0.236	0.465	0.000160354251660579	SPN	c13
4.97983382301912e-09	0.278031246958647	0.096	0.236	0.000167013666756415	POLR2H	c13
5.0651650771699e-09	0.165075432682152	0.109	0.255	0.000169875506358124	QRICH1	c13
5.18804684332285e-09	0.327272721270557	0.107	0.252	0.000173996715031362	LARP7	c13
5.23797757449856e-09	3.33982339062919	0.06	0.021	0.000175671291893533	RASD1	c13
5.28326821160346e-09	0.569210544717085	0.258	0.491	0.000177190249280757	ODC1	c13
5.47063401301577e-09	0.187847704438043	0.089	0.223	0.000183474123528523	SBNO1	c13
5.62298753799842e-09	0.262482536106987	0.142	0.311	0.000188583756049391	SCAMP3	c13
5.65978681521668e-09	0.152702345411086	0.098	0.238	0.000189817930208737	SACM1L	c13
5.66353284709196e-09	0.253688106590283	0.082	0.212	0.00018994356462577	IKBKG	c13
5.66661432747169e-09	0.15447071521486	0.276	0.522	0.000190046911314746	ARID4B	c13
5.79461255958047e-09	0.234767337988762	0.149	0.322	0.00019433971602321	TM2D3	c13
6.18105373895871e-09	0.195376990938993	0.107	0.25	0.000207300180297197	KLHDC2	c13
6.50443191942871e-09	0.249079467854946	0.102	0.244	0.0002181456377138	CTR9	c13
6.53990858057254e-09	0.170705251690006	0.233	0.46	0.000219335453975242	CANX	c13
6.58389250345568e-09	0.240191881473675	0.133	0.295	0.000220810586780897	TMBIM1	c13
6.58828517578194e-09	0.219743668478611	0.136	0.298	0.000220957908225375	CD58	c13
6.62697783013652e-09	0.237719048022528	0.147	0.316	0.000222255582467119	VPS36	c13
6.70065133141199e-09	0.18703738324243	0.133	0.294	0.000224726444352895	FOXN3	c13
6.92403697390421e-09	0.116313136702572	0.198	0.397	0.0002322183520308	CEBPB	c13
6.97799378352398e-09	0.14831648309895	0.24	0.478	0.000234027955511827	NDUFV1	c13
7.02988664359104e-09	0.257898080522079	0.133	0.293	0.000235768338252756	SENP6	c13
7.6097827274086e-09	0.385421387191803	0.191	0.393	0.00025521689311183	FAM50A	c13
7.61094680902845e-09	0.232916466640703	0.091	0.225	0.000255255934081196	TGS1	c13
7.67981030204811e-09	0.302167934120629	0.14	0.304	0.00025756547791009	BBX	c13
7.77597040214817e-09	0.121228298094534	0.131	0.291	0.000260790495347245	NGDN	c13
7.90934857416825e-09	0.123302663998919	0.087	0.217	0.000265263732480455	STK25	c13
8.07835759945755e-09	0.16662453082959	0.178	0.365	0.000270931957170607	KDM5A	c13
8.33806019231687e-09	0.171737250495473	0.107	0.25	0.000279641862729923	IMMT	c13
8.87734445985032e-09	0.17096052920114	0.267	0.518	0.00029772837849446	TPR	c13
9.04178739678012e-09	0.24675239860148	0.176	0.363	0.000303243465713212	GOLGA4	c13
9.12302890702038e-09	0.185009301472214	0.096	0.231	0.00030596814348365	NKAP	c13
9.30021362600822e-09	0.18126673023878	0.1	0.238	0.000311910564589064	NELFCD	c13
9.36167655861688e-09	0.268140448111141	0.111	0.256	0.000313971908422893	SRPK1	c13
9.48857846075249e-09	0.234073219004641	0.096	0.23	0.000318227944416717	USP22	c13
9.9126939564052e-09	0.228423583946501	0.078	0.202	0.000332451929909918	NAPRT	c13
9.99531079367677e-09	0.14566772175217	0.204	0.411	0.000335222733398331	GRAMD1A	c13
1.0160562836417e-08	0.152961196134833	0.3	0.571	0.000340764956407752	SP100	c13
1.04042101816834e-08	0.204520304120021	0.107	0.249	0.000348936401073299	ABCF1	c13
1.06068937156732e-08	0.222376531313728	0.222	0.441	0.000355734001436248	SPCS3	c13
1.07528672379009e-08	0.112938329741489	0.082	0.208	0.000360629661424721	APBB1	c13
1.09253010610766e-08	0.151654336027919	0.078	0.201	0.000366412746986386	HBS1L	c13
1.12898813243877e-08	0.258646513290231	0.109	0.252	0.000378640039857314	C6orf89	c13
1.13522959451149e-08	0.412080812340404	0.133	0.29	0.000380733301407263	MAP4	c13
1.17771141456946e-08	0.184817463624727	0.109	0.251	0.000394980854218306	ADAM10	c13
1.23717828656707e-08	0.279979637195111	0.202	0.411	0.000414924853748864	PAFAH1B1	c13
1.26329567989129e-08	0.266563492403975	0.133	0.291	0.00042368410512194	MTERF4	c13
1.36269474392581e-08	0.111572326476789	0.249	0.481	0.000457020563217837	DYNLT1	c13
1.37815125170984e-08	0.126508580473669	0.142	0.305	0.000462204366798445	UBQLN1	c13
1.40251073299933e-08	0.257332099421332	0.069	0.186	0.000470374049633316	HTRA2	c13
1.42076053032871e-08	0.26736676575558	0.127	0.28	0.000476494666661643	RBM22	c13
1.43467153223369e-08	0.163691906236171	0.044	0.145	0.000481160138480535	ZFAND2A	c13
1.46628360520317e-08	0.262133804122471	0.12	0.269	0.00049176219551304	CDC73	c13
1.47223894356968e-08	0.163091245415422	0.293	0.556	0.0004937594968944	RBL2	c13
1.51167914522221e-08	0.142623469693519	0.169	0.346	0.000506986951724624	PTPN4	c13
1.52511914472613e-08	0.148831194424686	0.124	0.276	0.000511494458758249	DAZAP1	c13
1.54760283800798e-08	0.134839961454463	0.107	0.245	0.000519035039811117	NFATC2IP	c13
1.61134889428931e-08	0.358887582139695	0.111	0.254	0.000540414192166748	YDJC	c13
1.63404732025719e-08	0.279669670650398	0.071	0.188	0.000548026790267855	GGA2	c13
1.65177977006759e-08	0.100597080805261	0.098	0.232	0.000553973899285267	USP48	c13
1.71569806130172e-08	0.132442074597765	0.084	0.21	0.000575410815799371	KAT7	c13
1.73210153767192e-08	0.120843164515766	0.358	0.666	0.000580912213704409	ARL6IP4	c13
1.74171372063712e-08	0.254180394204411	0.184	0.373	0.000584135947627279	DDX21	c13
1.74189491749998e-08	0.174264441604668	0.14	0.3	0.000584196717431142	PRKCQ	c13
1.74854441048415e-08	0.122809895559913	0.12	0.268	0.000586426824388173	PPP2R2A	c13
1.86532654517334e-08	0.133299391475101	0.091	0.22	0.000625593216720234	CCDC174	c13
1.88698127361672e-08	0.186674273409323	0.098	0.231	0.000632855779545575	PSMD12	c13
1.92077833785693e-08	0.174226285739716	0.093	0.224	0.000644190638950458	SMIM10L1	c13
1.92374365216278e-08	0.136265643666983	0.218	0.419	0.000645185146062352	TRAT1	c13
1.93410225901706e-08	0.103407070779048	0.064	0.177	0.00064865921562914	TXNRD1	c13
1.95191878643644e-08	0.284099548267977	0.118	0.263	0.000654634522595053	SREK1	c13
1.98223099728757e-08	0.252695423063979	0.253	0.494	0.000664800631870306	SYNRG	c13
2.01629078254381e-08	0.201349374997045	0.149	0.315	0.000676223602649543	MARCH7	c13
2.02447514725416e-08	0.156009107289696	0.071	0.188	0.000678968474886101	CDC27	c13
2.04904212595596e-08	0.814297613699619	0.667	0.766	0.000687207748203109	TAGAP	c13
2.06914108179804e-08	0.223462588383868	0.144	0.307	0.000693948536013426	IRF7	c13
2.13099006975563e-08	0.250076145140585	0.202	0.404	0.000714691449594642	GGNBP2	c13
2.13747634084346e-08	0.196493410805045	0.149	0.311	0.000716866815192078	ABHD17A	c13
2.16927093145697e-08	0.119529202883792	0.127	0.276	0.000727530084992037	TPP1	c13
2.16977810278471e-08	0.173851752658076	0.151	0.319	0.000727700180111936	FIP1L1	c13
2.20715930376636e-08	3.31912497970654	0.093	0.042	0.000740237087297161	Z93241.1	c13
2.21815408421672e-08	0.327914697808177	0.173	0.356	0.000743924516764603	CHD1	c13
2.23251755029264e-08	0.197777931658415	0.056	0.162	0.000748741736017147	CNOT3	c13
2.24053948470085e-08	0.22378253037315	0.102	0.237	0.000751432132378972	UPF3A	c13
2.35706807330598e-08	4.18853246768837	0.011	0.001	0.000790513490425361	ENKUR	c13
2.37542721387133e-08	0.107127053267976	0.093	0.222	0.000796670778988168	ARNTL	c13
2.39910370896656e-08	0.381101829336105	0.111	0.253	0.000804611401913204	MIA2	c13
2.4065182415017e-08	0.227362498621684	0.256	0.492	0.000807098087834842	HAX1	c13
2.47290981265292e-08	0.19825174167481	0.098	0.229	0.000829364492967535	IL12RB1	c13
2.5397372500181e-08	0.286898948316353	0.176	0.356	0.00085177707891107	DNAJB14	c13
2.55609012677388e-08	0.104077029028638	0.256	0.477	0.000857261506717423	GCC2	c13
2.58762956624876e-08	0.13559712724616	0.264	0.506	0.000867839203928509	HNRNPL	c13
2.60050663291767e-08	0.764657482404172	0.693	0.831	0.000872157914547927	MCL1	c13
2.63387403025071e-08	0.153751763202492	0.076	0.193	0.000883348672265482	SEC22C	c13
2.67494137385985e-08	0.252708166631766	0.122	0.269	0.000897121837965117	CREB1	c13
2.71857267388666e-08	0.172600470486464	0.109	0.247	0.000911754903368109	DCAF5	c13
2.76111675592829e-08	0.141723591229043	0.129	0.279	0.00092602333760323	TMEM134	c13
2.79037132823163e-08	0.104771292298113	0.078	0.197	0.000935834736062325	UPF3B	c13
2.89692639135079e-08	0.349783348833192	0.142	0.304	0.000971571173131228	YIPF4	c13
2.97902202390315e-08	0.179397789572365	0.093	0.222	0.000999104406376637	EHMT1	c13
3.03666020166516e-08	0.347460108812373	0.064	0.175	0.00101843509843446	TARS	c13
3.08792661280674e-08	0.104184700249801	0.1	0.233	0.00103562882740312	SHOC2	c13
3.10155598829928e-08	0.255001346441021	0.273	0.519	0.00104019984735581	IQGAP1	c13
3.10507762857613e-08	0.13248843975446	0.124	0.272	0.00104138093507186	SIRT7	c13
3.17625705495877e-08	0.238771678659788	0.151	0.316	0.00106525309109207	PRKDC	c13
3.22501516548152e-08	0.153668435034677	0.053	0.157	0.00108160558619919	SCFD1	c13
3.24905545853772e-08	0.228639657853337	0.251	0.474	0.00108966821968438	SAMHD1	c13
3.40066414598168e-08	0.271875507907079	0.093	0.222	0.00114051474127934	C1orf123	c13
3.43311615577628e-08	0.301016658924306	0.06	0.168	0.00115139849632425	MRPL19	c13
3.54268764768641e-08	0.144426132825588	0.06	0.167	0.00118814658328107	COP1	c13
3.5836434826965e-08	0.355734423366181	0.2	0.397	0.00120188235122675	VMP1	c13
3.63695960344577e-08	0.183992223268822	0.164	0.336	0.00121976351180364	DNAJC1	c13
3.73725375419749e-08	0.263382920170216	0.129	0.28	0.00125340016408275	RRAGA	c13
3.8451509436664e-08	0.203565048897295	0.113	0.254	0.00128958672348684	MORC3	c13
3.88336121496049e-08	0.143707336484379	0.071	0.184	0.00130240168427345	IMPDH1	c13
3.96960183325758e-08	0.222372546437901	0.133	0.284	0.00133132506283793	LMF2	c13
3.97408139059386e-08	0.167803765887172	0.06	0.167	0.00133282741677737	MKKS	c13
4.01074989491109e-08	0.106619638846764	0.242	0.468	0.00134512529975528	RBM4	c13
4.15392489536315e-08	0.166304316559953	0.098	0.228	0.00139314333140689	IGSF8	c13
4.18667584687445e-08	0.118950558973679	0.062	0.17	0.00140412734552475	AP3M1	c13
4.2124789621661e-08	0.141586469803636	0.113	0.251	0.00141278119433127	STK38	c13
4.39840369452687e-08	0.221019101524144	0.087	0.209	0.00147513663107042	ZCCHC17	c13
4.48375989050196e-08	0.328497301596744	0.144	0.304	0.00150376339207655	U2AF2	c13
4.58256175878414e-08	0.281178485088554	0.144	0.303	0.00153689956266103	TMEM50B	c13
4.61003724250084e-08	0.136534350568563	0.098	0.226	0.00154611429038993	KLHL28	c13
4.61327993822697e-08	0.220154514241177	0.204	0.405	0.00154720182568256	ARHGEF3	c13
4.62964995793438e-08	0.176152082775882	0.08	0.198	0.00155269200289203	CBL	c13
4.66975018265529e-08	0.241115659506659	0.089	0.213	0.00156614081625893	KARS	c13
4.82245407898602e-08	0.268734884920963	0.224	0.438	0.00161735464901033	ADAR	c13
4.85628884932016e-08	0.101479588384978	0.073	0.187	0.00162870215428499	MPPE1	c13
4.92612869196175e-08	0.40555731679256	0.098	0.227	0.00165212504071013	GUSB	c13
5.05877861711619e-08	0.1328259985754	0.1	0.23	0.00169661317260843	SAR1A	c13
5.11667134204961e-08	0.116477152769382	0.087	0.209	0.0017160292346966	UXS1	c13
5.28194854231759e-08	0.109699386910226	0.116	0.255	0.00177145990212247	ZNF22	c13
5.35843132353109e-08	0.103224041634438	0.12	0.263	0.00179711069728586	COMMD7	c13
5.3842499251312e-08	0.300034253500182	0.238	0.463	0.0018057697398905	SRPRA	c13
5.39220021772896e-08	0.246577354317033	0.187	0.373	0.00180843610902194	UFM1	c13
5.50179974779728e-08	0.391160381949668	0.187	0.376	0.00184519359941625	MTCH1	c13
5.59457046935496e-08	0.110716142088116	0.073	0.185	0.00187630704401227	MPHOSPH9	c13
5.71642213036842e-08	0.33213338344705	0.111	0.248	0.00191717365408296	PPID	c13
5.75490523918494e-08	0.144283385462997	0.096	0.221	0.00193008011911785	ADPGK	c13
5.98083233966363e-08	0.240485404914616	0.184	0.366	0.00200585155007639	PHIP	c13
6.13043071184986e-08	0.265000197953618	0.131	0.279	0.00205602385214021	SPPL2A	c13
6.14824078741044e-08	0.136490774762935	0.151	0.309	0.00206199699528171	NIN	c13
6.32461654860736e-08	0.127236609282463	0.098	0.226	0.00212114989807194	MRPS30	c13
6.521218310782e-08	0.201031446819994	0.118	0.259	0.00218708619707007	CHTOP	c13
6.54288390191817e-08	0.228948638575855	0.171	0.348	0.00219435240302532	SMIM7	c13
6.54706071968047e-08	0.187643128484843	0.076	0.19	0.00219575322416644	MPDU1	c13
6.64204407054672e-08	0.321848255927876	0.118	0.258	0.00222760874037996	USP47	c13
6.65350844453541e-08	0.161382121805474	0.129	0.274	0.00223145366212829	MECP2	c13
6.7542044490501e-08	0.243275889704596	0.149	0.307	0.00226522508812242	RBM23	c13
6.78604607563299e-08	0.161484936079275	0.109	0.243	0.00227590413284579	PPP2R5A	c13
6.83281787797013e-08	0.173898733622879	0.109	0.242	0.00229159045991362	EBLN3P	c13
7.00137423994363e-08	0.270232881160034	0.224	0.437	0.0023481208925923	PTBP1	c13
7.21895139637692e-08	0.128130752835957	0.053	0.153	0.00242109191931689	CNOT9	c13
7.31569314993754e-08	0.376029949599983	0.124	0.269	0.00245353716862605	SP3	c13
7.33178064516141e-08	0.10225393021389	0.142	0.292	0.00245893259277424	FOSL2	c13
7.37231168331442e-08	0.126827762744975	0.113	0.249	0.00247252589234999	CNOT1	c13
7.48518754256742e-08	0.136014511954901	0.251	0.474	0.00251038219802626	CFLAR	c13
7.49810170244794e-08	0.176947889304078	0.058	0.16	0.00251471334896699	GOLGA2	c13
7.72575993509176e-08	1.82704371737736	0.282	0.225	0.00259106536703107	KMT2E-AS1	c13
7.85241030238277e-08	0.3228724170319	0.069	0.177	0.00263354136721313	GTF2F2	c13
7.92034047760142e-08	0.220700384314497	0.142	0.296	0.00265632378937796	RAB24	c13
7.95938371947211e-08	0.151839243352444	0.202	0.393	0.00266941811183655	ANAPC5	c13
8.05378099606852e-08	0.152476075568652	0.076	0.188	0.00270107707046146	MRPL17	c13
8.17334212539003e-08	0.149528007090325	0.062	0.167	0.00274117548201331	EDEM2	c13
8.18220624463282e-08	0.218365896693976	0.067	0.174	0.00274414833032496	BLMH	c13
8.25506083354441e-08	0.170516446309491	0.076	0.189	0.00276858230235412	KIAA1143	c13
8.25624080279355e-08	0.169930066778187	0.12	0.257	0.0027689780404409	PFKFB3	c13
8.44756972136854e-08	0.216216911009396	0.064	0.17	0.00283314593315258	AZI2	c13
8.54775108335432e-08	2.35119538558828	0.147	0.085	0.00286674475833537	AC087239.1	c13
8.64238993827339e-08	0.14666458217111	0.129	0.274	0.00289848473749813	LPCAT4	c13
8.69496072062547e-08	0.277789130112636	0.189	0.374	0.00291611592648337	TANK	c13
8.72633142779776e-08	0.165436389583406	0.076	0.188	0.00292663703425481	UNC45A	c13
8.73219990884479e-08	0.398220837851316	0.069	0.178	0.00292860520542837	IKBIP	c13
8.78280024739173e-08	0.192854892808152	0.178	0.353	0.00294557554697024	DNAJB9	c13
8.79150095085038e-08	0.239684804662829	0.176	0.348	0.0029484935888962	TLK1	c13
8.94780850608858e-08	0.492338323027388	0.053	0.153	0.00300091601677199	HIST3H2A	c13
8.97564581507898e-08	0.145956512092285	0.109	0.241	0.00301025209346119	SMC5	c13
9.12506875527e-08	0.255933130515468	0.18	0.359	0.00306036555914245	KCNAB2	c13
9.17025827212886e-08	0.182749102593231	0.271	0.514	0.00307552121930658	TAF7	c13
9.32258909692015e-08	0.129202311459663	0.087	0.205	0.00312660993132508	ABHD13	c13
9.58584488421177e-08	0.182936548450533	0.109	0.242	0.00321490065726694	CLSTN1	c13
9.66012012524669e-08	0.233655727791196	0.127	0.268	0.00323981108760524	FOXN2	c13
9.72835711378115e-08	0.12368661792218	0.107	0.237	0.00326269640881992	DCTN4	c13
9.81956145772592e-08	0.222230044509189	0.078	0.192	0.00329328452169212	RMC1	c13
9.91278826610773e-08	0.156360561296377	0.287	0.53	0.00332455092868721	EMB	c13
9.92138757467206e-08	1.04849742413334	0.48	0.506	0.00332743496479352	TC2N	c13
1.00231525212857e-07	0.32781386314373	0.071	0.18	0.00336156489258879	OAT	c13
1.03135537798111e-07	0.239143414986344	0.127	0.27	0.00345895966667305	ACTR1B	c13
1.04672382087548e-07	0.257865830090695	0.051	0.148	0.00351050235045217	PNMA1	c13
1.08682910542055e-07	0.286006666777708	0.104	0.233	0.00364500745375946	ARFGAP3	c13
1.10292065911963e-07	0.130459487375046	0.071	0.18	0.00369897530655542	SMARCD1	c13
1.12683004912048e-07	0.193330374434555	0.107	0.237	0.00377916261874026	RNMT	c13
1.15165428521801e-07	0.313143600729716	0.102	0.229	0.00386241814176416	NBEAL1	c13
1.17588925787715e-07	0.302976229640903	0.129	0.272	0.00394369739306839	PJA2	c13
1.17781661718801e-07	0.227021938207772	0.096	0.217	0.00395016137072513	GPATCH8	c13
1.18167542282996e-07	0.189049478863576	0.116	0.249	0.00396310303308711	UNC13D	c13
1.18863105891309e-07	0.130604732338591	0.076	0.187	0.00398643084538272	BRIX1	c13
1.20877016206193e-07	0.389159618369494	0.189	0.372	0.00405397336952331	CD46	c13
1.25611214379512e-07	0.100168411572417	0.071	0.179	0.00421274890786008	TAPBPL	c13
1.25852879866676e-07	0.233607594878188	0.062	0.165	0.00422085388496857	RBM10	c13
1.26603740178117e-07	0.10784839354921	0.067	0.172	0.00424603623809369	NUP54	c13
1.2710557530419e-07	0.342111656066008	0.158	0.322	0.00426286678455193	GIT2	c13
1.28099392301653e-07	0.162906795597932	0.171	0.339	0.00429619741901284	LPIN2	c13
1.29268012167757e-07	0.14935340667802	0.067	0.172	0.00433539059208223	GSS	c13
1.30365077659218e-07	0.172853844121628	0.084	0.2	0.00437218397453484	NMRAL1	c13
1.31770598983149e-07	0.251499233613001	0.12	0.258	0.00441932234869687	CLTC	c13
1.32753000166804e-07	0.319951448736435	0.087	0.203	0.00445227011959428	GATAD2B	c13
1.3386516750561e-07	0.111570939691725	0.064	0.168	0.00448956998780315	LRRC47	c13
1.34374723401155e-07	0.165902193459167	0.076	0.186	0.00450665947342792	GRIPAP1	c13
1.37138210589685e-07	0.251501676232914	0.104	0.231	0.00459934130675686	NFAT5	c13
1.38248873019009e-07	0.47260635006727	0.104	0.233	0.00463659070331154	GSK3B	c13
1.41762993812828e-07	0.366794259180586	0.129	0.272	0.00475444728649463	ST8SIA4	c13
1.46794721188882e-07	0.137335418767277	0.276	0.51	0.00492320135923274	SH3KBP1	c13
1.49295362098142e-07	0.243577458670373	0.06	0.161	0.0050070678540475	IKBKE	c13
1.5105052418563e-07	0.451715137905639	0.131	0.276	0.00506593248013766	PKN1	c13
1.51382232436674e-07	0.194319337806438	0.142	0.285	0.00507705731146117	IL6ST	c13
1.54323326025102e-07	0.204638132913507	0.127	0.268	0.00517569570822987	CNOT4	c13
1.55439347860122e-07	0.326304139818768	0.1	0.225	0.00521312484853277	MED29	c13
1.55968442134104e-07	0.151024903496406	0.064	0.167	0.00523086961229359	CCDC82	c13
1.56870437494714e-07	0.146865617973158	0.064	0.167	0.00526112073269771	C1orf35	c13
1.59640060581641e-07	0.256982209350413	0.091	0.209	0.00535400835178708	SLC25A46	c13
1.62419747381654e-07	0.197599688803594	0.093	0.214	0.00544723348768591	MAEA	c13
1.63268728652776e-07	0.103449518535441	0.064	0.167	0.00547570662155679	SGMS1	c13
1.64314450334934e-07	0.454469008421883	0.107	0.236	0.00551077803533302	RNF145	c13
1.64494754123463e-07	0.131103103010983	0.084	0.199	0.0055168250637927	GLYR1	c13
1.65254447808392e-07	0.236704355030198	0.102	0.228	0.00554230367059786	PBRM1	c13
1.68017140272933e-07	0.286442953810469	0.156	0.314	0.00563495885047363	SRSF8	c13
1.68896924204467e-07	0.136684816528457	0.071	0.178	0.00566446504396942	MAPKAPK5-AS1	c13
1.73110412501848e-07	0.851818273687128	0.818	0.897	0.00580577701448698	ZFP36	c13
1.74543239638101e-07	0.101461696324113	0.087	0.203	0.00585383117098264	FAM200B	c13
1.75382337934847e-07	0.236400028795494	0.084	0.2	0.00588197284965889	NMT1	c13
1.7560202078e-07	0.267401885487537	0.109	0.238	0.00588934057291964	SLC38A10	c13
1.82680224655643e-07	0.350488114349257	0.213	0.408	0.00612672937450097	HERPUD2	c13
1.87172016266604e-07	0.177413127966753	0.073	0.181	0.00627737508154935	CALCOCO1	c13
1.87282386034412e-07	0.471579678829474	0.127	0.268	0.00628107666282212	UBA3	c13
1.87721058903237e-07	0.30372944650583	0.184	0.364	0.00629578887349677	TMED4	c13
1.91241661851425e-07	0.25820023282129	0.064	0.166	0.00641386285517309	KANSL2	c13
1.95576177950849e-07	0.277080563420726	0.176	0.346	0.00655923385611557	ACIN1	c13
2.00172186335159e-07	0.231757829560931	0.129	0.269	0.00671337478530855	SP140L	c13
2.01098768735912e-07	0.294007288929099	0.091	0.21	0.00674445050586501	ITFG1	c13
2.09853133814958e-07	0.240243243805962	0.124	0.262	0.00703805440188607	PREX1	c13
2.10075690637088e-07	0.114043499399863	0.06	0.159	0.00704551851258664	TRAPPC6B	c13
2.15412647460364e-07	0.311675023946876	0.153	0.311	0.00722450937052569	PTPRA	c13
2.16358418120752e-07	0.359156680577569	0.16	0.321	0.00725622862693379	CEP350	c13
2.17936174153782e-07	0.232185567557036	0.167	0.329	0.00730914340876954	RNF125	c13
2.20208847900062e-07	0.184750522641917	0.107	0.232	0.00738536434087229	ERCC5	c13
2.20299606183166e-07	0.161896265340261	0.107	0.233	0.00738840819217104	CDK12	c13
2.2284678582537e-07	0.165611175277136	0.236	0.442	0.00747383550301125	RABGAP1L	c13
2.24043721563904e-07	0.236873989294147	0.116	0.247	0.00751397833381021	USP3	c13
2.26537064862389e-07	0.318659230130709	0.156	0.313	0.0075976000813548	ARRDC1	c13
2.28193238882744e-07	0.170675939073645	0.049	0.141	0.00765314484564946	KAT5	c13
2.28694007348922e-07	0.521663853031147	0.113	0.245	0.00766993961846813	SF3B3	c13
2.29257465547273e-07	0.355837008632303	0.164	0.328	0.00768883687952443	YTHDC1	c13
2.31632017526006e-07	0.213050366969758	0.122	0.258	0.0077684746037872	EFHD2	c13
2.35531015534827e-07	0.25573908484758	0.076	0.184	0.00789923919900704	EMG1	c13
2.36867327932103e-07	0.173070227778962	0.091	0.207	0.00794405644418688	DCP1A	c13
2.41519444994806e-07	0.379426696676407	0.32	0.587	0.00810007914623582	RPL22L1	c13
2.44244943763326e-07	0.16411516598432	0.069	0.172	0.00819148692393441	C5orf24	c13
2.4478416266284e-07	0.237501973912907	0.089	0.204	0.00820957124738633	GMDS	c13
2.49203440438174e-07	0.224371229521012	0.1	0.222	0.00835778498541547	GNA13	c13
2.49642404591668e-07	0.145448631567021	0.076	0.183	0.00837250696519536	NSMCE4A	c13
2.60376028488455e-07	0.149811464606404	0.073	0.179	0.0087324912434458	RABGGTA	c13
2.62797119387097e-07	0.146405926317628	0.08	0.19	0.00881368979000447	WHAMM	c13
2.66844690019368e-07	0.353881495502317	0.091	0.208	0.00894943721386958	DELE1	c13
2.70904639355561e-07	0.315290427558339	0.22	0.42	0.00908559979470681	TAF15	c13
2.72732586319747e-07	0.307143254042864	0.053	0.147	0.00914690547999166	WDFY1	c13
2.74380860859121e-07	0.300878226947319	0.076	0.183	0.0092021853114932	STT3A	c13
2.77318215217994e-07	0.109678272067695	0.109	0.235	0.00930069830198109	USP34	c13
2.84266055751043e-07	0.144167696235379	0.093	0.211	0.00953371497777849	LENG1	c13
2.84660749483351e-07	0.257434099516582	0.062	0.161	0.00954695221617263	DNAJA3	c13
2.8819106902308e-07	0.527894441309604	0.14	0.288	0.00966535207289607	SAP30BP	c13
2.90471643108118e-07	0.253226928989072	0.067	0.168	0.00974183796656007	XPNPEP1	c13
2.92406698308097e-07	0.128266050137931	0.06	0.157	0.00980673584785694	ADIPOR2	c13
2.93539269134462e-07	0.192597744583721	0.093	0.211	0.00984472000823158	CUL1	c13
2.96440472191637e-07	0.147730265762803	0.098	0.217	0.00994202055636314	CEP85L	c13
2.97584648945687e-07	0.280220164647591	0.073	0.179	0.00998039395634045	MARK2	c13
3.02726636255593e-07	0.30520176972885	0.062	0.161	0.0101528459267401	PTEN	c13
3.03065084405828e-07	0.286049953994495	0.116	0.246	0.0101641968008026	LARS	c13
3.03510029386396e-07	0.398357461835193	0.076	0.182	0.0101791193655609	SLC1A5	c13
3.08000709995046e-07	0.181656738723386	0.049	0.139	0.0103297278118138	CPSF1	c13
3.18941400339223e-07	0.505063263520518	0.104	0.229	0.0106966566845769	MBD4	c13
3.19008911321588e-07	0.282652405516972	0.133	0.275	0.0106989208679034	ZNF644	c13
3.19641505814681e-07	0.156475784123967	0.056	0.15	0.0107201368220128	ETFRF1	c13
3.22166584091725e-07	0.118718074973965	0.089	0.202	0.0108048228972683	PPP6R2	c13
3.23165135670516e-07	0.361293000788438	0.096	0.215	0.0108383123201178	MRPS31	c13
3.2588617871302e-07	0.171589952633328	0.236	0.432	0.0109295706616773	PDE4B	c13
3.2776385131858e-07	0.293151059575229	0.082	0.193	0.0109925440455225	CBFB	c13
3.28108573373288e-07	0.338937600320977	0.18	0.353	0.0110041053337933	IRF3	c13
3.30804445194666e-07	0.321413108070093	0.093	0.21	0.0110945194829387	CWC25	c13
3.36837907964327e-07	0.229168080020319	0.12	0.253	0.0112968697573076	PDS5A	c13
3.38965026998923e-07	0.153095872874118	0.096	0.213	0.0113682090754899	TERF1	c13
3.43458585137187e-07	0.120949329667578	0.058	0.153	0.011518914028331	ING3	c13
3.49166998988869e-07	0.476686465326668	0.109	0.236	0.0117103628120887	COMMD1	c13
3.50625585407745e-07	0.420764680618059	0.153	0.309	0.0117592808834049	SAFB	c13
3.59316095841266e-07	0.211554590143089	0.036	0.117	0.0120507432223244	NQO2	c13
3.59542139766667e-07	0.433723169097923	0.053	0.146	0.0120583242834945	EFTUD2	c13
3.59686686733858e-07	0.315491848231365	0.224	0.42	0.0120631720996801	TMX4	c13
3.62117541701065e-07	0.334139067026462	0.082	0.192	0.0121446981135703	SUCO	c13
3.6529493509275e-07	0.287235122079914	0.04	0.125	0.0122512615331407	MRPL35	c13
3.65753479852048e-07	0.234596944399712	0.089	0.202	0.012266640207278	NDEL1	c13
3.66310700936662e-07	0.364347669672276	0.053	0.146	0.0122853282880138	SCRN2	c13
3.68020945603767e-07	0.243345744075427	0.104	0.226	0.0123426864736591	ERBIN	c13
3.71731241706888e-07	0.357620984400429	0.098	0.217	0.0124671223843656	TRNAU1AP	c13
3.72701632499152e-07	0.412238104815518	0.051	0.142	0.0124996673507566	KATNA1	c13
3.73618623386154e-07	0.187962319392582	0.056	0.149	0.0125304213911248	ATF6	c13
3.8023801935615e-07	0.156743544324772	0.122	0.254	0.0127524226931665	SVIP	c13
3.91596013426595e-07	0.125592173050969	0.084	0.194	0.0131333470983011	POLR1E	c13
3.95769029831569e-07	0.252406475943941	0.078	0.185	0.0132733017224912	RETREG3	c13
3.98009928187673e-07	0.368294625120694	0.091	0.206	0.0133484569715582	CBX5	c13
4.09053171127291e-07	0.227635540283411	0.06	0.156	0.0137188252532671	MRPS9	c13
4.0981855255865e-07	0.259710583181529	0.08	0.188	0.013744494615712	TMUB2	c13
4.10395947172118e-07	0.19014209440406	0.087	0.198	0.0137638592762585	PHF12	c13
4.10931979134682e-07	0.148431836033336	0.042	0.127	0.013781836716219	MFSD14B	c13
4.20424614249528e-07	0.111933225361723	0.062	0.159	0.0141002007127007	ST6GALNAC6	c13
4.22523665856636e-07	0.142980546373116	0.056	0.148	0.0141705987054999	WASHC2A	c13
4.27215837144096e-07	0.101448542107274	0.082	0.19	0.0143279647461387	UBQLN2	c13
4.32664916795326e-07	0.251930112920828	0.096	0.212	0.0145107159794816	HERC4	c13
4.33661407959037e-07	0.15809618715456	0.244	0.455	0.0145441363001302	NUCKS1	c13
4.34987396887988e-07	0.19020243841082	0.091	0.205	0.0145886073168293	SGF29	c13
4.35503392393843e-07	1.07905497635556	0.498	0.563	0.0146059127741047	PPP2R5C	c13
4.37039215063382e-07	0.17207564027964	0.064	0.163	0.0146574211947957	EIF2D	c13
4.3714374108039e-07	0.211088826495166	0.078	0.184	0.0146609267883541	PI4KB	c13
4.38394637238115e-07	0.405802125584084	0.098	0.216	0.0147028793436919	DPM3	c13
4.42094814658169e-07	0.324968077021521	0.098	0.216	0.0148269758940057	ARMCX3	c13
4.42931298999679e-07	0.198467334941934	0.102	0.223	0.0148550299058512	ZCCHC7	c13
4.43193120515702e-07	0.450468973898166	0.111	0.238	0.0148638108758556	POLR2B	c13
4.47943166816881e-07	0.174639501223226	0.073	0.177	0.0150231179287046	AGFG2	c13
4.54798292848489e-07	0.162419871196076	0.056	0.148	0.0152530251455526	PDPK1	c13
4.60201378958252e-07	0.133892850584113	0.373	0.666	0.0154342338475019	LRRFIP1	c13
4.63431497768204e-07	0.154457038879257	0.06	0.156	0.01554256557215	C1orf174	c13
4.64374760042172e-07	0.359598170018526	0.053	0.145	0.0155742007022944	RRAS2	c13
4.77490472237401e-07	0.243819784785642	0.153	0.3	0.016014075457898	LPIN1	c13
4.8117015285519e-07	0.11779694807388	0.056	0.148	0.0161374845864574	BCL2L13	c13
4.86374236585285e-07	0.315660125203044	0.069	0.17	0.0163120191465973	FBXL15	c13
4.90546420295078e-07	0.328838216983599	0.124	0.257	0.0164519458438563	CABIN1	c13
4.90820922020145e-07	0.314293267110601	0.164	0.32	0.0164611520827116	SRRT	c13
4.98001477793462e-07	0.137410637474522	0.06	0.155	0.0167019735622371	ATG13	c13
5.01402008587175e-07	0.1967801504368	0.109	0.231	0.0168160205639967	NGLY1	c13
5.07236349295418e-07	0.316878373708469	0.147	0.293	0.0170116926826697	CHCHD7	c13
5.09135666368018e-07	0.107347749680835	0.147	0.291	0.0170753919786506	ALG13	c13
5.17352669218631e-07	0.389983237774864	0.129	0.264	0.0173509738202544	DOCK2	c13
5.19449153951431e-07	0.202730280079177	0.073	0.176	0.0174212857252231	R3HDM1	c13
5.30566469828197e-07	0.189718879538484	0.078	0.183	0.0177941382650981	UCKL1	c13
5.30570130505832e-07	0.143870137271378	0.038	0.119	0.0177942610369046	MOCS2	c13
5.43132074851184e-07	0.358166541193084	0.14	0.282	0.018215563526359	RFC1	c13
5.45224006131811e-07	0.184314253768191	0.053	0.144	0.0182857227176487	FAM126B	c13
5.49586588898478e-07	0.167185792036743	0.073	0.176	0.0184320350184772	YWHAG	c13
5.5063108669911e-07	0.127624486095348	0.089	0.199	0.0184670653857148	JADE1	c13
5.65521825034387e-07	0.239059928166021	0.213	0.402	0.0189664709680033	GRAP2	c13
5.70355011023791e-07	0.551170717979622	0.124	0.258	0.0191285663597159	KLF13	c13
5.75720103906268e-07	0.394156518252878	0.098	0.215	0.0193085008448084	PML	c13
5.99750932498583e-07	0.36841500436271	0.098	0.215	0.0201144467741375	EXOSC8	c13
6.05752707111053e-07	0.200691685433537	0.089	0.2	0.0203157342910905	NCBP3	c13
6.08801566919856e-07	0.493861216348204	0.078	0.183	0.0204179869513581	CWC22	c13
6.21064346263778e-07	0.341571807640178	0.071	0.172	0.0208292560449946	TSEN34	c13
6.21900483748389e-07	0.141534819591081	0.047	0.132	0.0208572984239535	HIF1AN	c13
6.31591040908953e-07	0.222001763462076	0.093	0.207	0.0211823003300045	VEZF1	c13
6.3423243424959e-07	0.351069575001276	0.109	0.232	0.0212708873798627	OXLD1	c13
6.39306256486627e-07	0.124894245167467	0.058	0.15	0.0214410532300485	CSTF2T	c13
6.41388973851896e-07	0.255561203161883	0.193	0.364	0.0215109034050449	TTC3	c13
6.80276788480865e-07	0.340302119832681	0.053	0.143	0.0228151229320713	EEA1	c13
6.82413057533934e-07	0.37725981564574	0.144	0.29	0.0228867691235731	CEBPZ	c13
6.88699103668585e-07	0.207925283317854	0.082	0.188	0.023097590538837	GIGYF2	c13
6.97778153544613e-07	0.175368695363401	0.064	0.16	0.0234020837135792	SEC24C	c13
7.06411014277578e-07	0.499177972638428	0.096	0.21	0.0236916125968414	KAT6A	c13
7.06786416016093e-07	0.296914492518674	0.091	0.203	0.0237042028203477	HDAC10	c13
7.07958271176999e-07	0.467436364387307	0.218	0.405	0.0237435044987342	IL27RA	c13
7.11711445380082e-07	0.255769492351554	0.087	0.196	0.0238693784551572	VTI1A	c13
7.18973689763133e-07	0.45595895759896	0.071	0.172	0.024112939607276	MAGT1	c13
7.19316915479073e-07	0.391877221348737	0.093	0.206	0.0241244507113371	TAZ	c13
7.27421555816526e-07	0.190650960657816	0.096	0.208	0.0243962641389747	MRPS25	c13
7.42480463753916e-07	0.368775600652158	0.129	0.265	0.0249013097933788	FAM204A	c13
7.45156328382906e-07	0.322227413224852	0.202	0.385	0.0249910529413059	PIAS1	c13
7.50112656625602e-07	0.150531712636404	0.096	0.208	0.0251572782779094	ST6GAL1	c13
7.52853823016535e-07	0.113778638730211	0.062	0.156	0.0252492115163285	TNPO3	c13
7.64701026013979e-07	0.342516602222662	0.089	0.197	0.0256465430104568	SLC7A5	c13
7.74689886476337e-07	0.138689709426966	0.038	0.118	0.0259815494126434	C12orf29	c13
7.76904773414801e-07	0.135472052368551	0.073	0.173	0.0260558322907856	EP400	c13
7.77377645662173e-07	0.191851954143692	0.084	0.191	0.0260716914802179	CAMK2D	c13
7.84136092167679e-07	0.286675793753789	0.073	0.174	0.0262983562591196	TM9SF3	c13
7.88134445859112e-07	0.214870951842797	0.111	0.233	0.0264324530452229	RAB11FIP1	c13
7.90418399486817e-07	0.115362821262607	0.051	0.139	0.0265090522819889	INIP	c13
8.02501606688314e-07	0.155961076244151	0.06	0.153	0.0269142988851127	RPP25L	c13
8.04093332175981e-07	0.193343821043337	0.336	0.608	0.026967682174518	SF3B1	c13
8.10183501646842e-07	0.293353908141756	0.064	0.16	0.0271719342782318	RCE1	c13
8.12318643072986e-07	0.106283539564048	0.042	0.124	0.0272435426513818	CARD19	c13
8.13745541642652e-07	0.236043588583664	0.087	0.195	0.0272913979756113	SMARCA4	c13
8.15229507920333e-07	0.108160679125354	0.358	0.626	0.0273411672366321	IL2RG	c13
8.29545123057666e-07	3.38037323783436	0.044	0.015	0.027821284337108	AC023157.3	c13
8.29866555407801e-07	0.211984639563137	0.091	0.201	0.0278320645352668	MLLT10	c13
8.39629001300924e-07	0.326847855676313	0.047	0.131	0.0281594774456304	FTSJ3	c13
8.4715263544918e-07	0.18937147201904	0.122	0.249	0.0284118050876946	NAAA	c13
8.61186427476143e-07	0.272627037394863	0.073	0.173	0.0288824704046949	C1orf131	c13
8.63829449724971e-07	0.472844628210906	0.087	0.195	0.0289711120848761	PLAA	c13
8.68438715881051e-07	0.251482985199286	0.053	0.142	0.0291256976532187	RAB11FIP4	c13
8.70129813464588e-07	0.342976826903704	0.109	0.23	0.0291824136839754	CFAP97	c13
8.77976897646862e-07	0.264381110661921	0.058	0.149	0.0294455891932805	BORCS6	c13
8.81118236458713e-07	0.324409679044329	0.089	0.198	0.0295509434143523	TRIM14	c13
8.97188110809715e-07	0.151055215278787	0.073	0.173	0.0300898948603362	MCM3AP	c13
9.15214362833735e-07	0.189810283962258	0.162	0.314	0.0306944593007178	SELENOS	c13
9.19313158401463e-07	0.189476689006343	0.067	0.163	0.0308319247064683	DNAJB12	c13
9.26490386849161e-07	0.315864765583724	0.053	0.142	0.0310726345941472	PSMG3	c13
9.31001398887806e-07	0.333227922900366	0.067	0.163	0.0312239249158992	SNX14	c13
9.33417566416593e-07	0.186830233074446	0.253	0.468	0.0313049583424797	RSRC2	c13
9.34014931756172e-07	0.278535626643108	0.273	0.498	0.0313249927812385	TRIM22	c13
9.42539163780475e-07	0.654993867446772	0.113	0.238	0.0316108784748696	PFDN6	c13
9.43398284114814e-07	0.118205273948107	0.107	0.224	0.0316396916526426	SEC63	c13
9.55595049249908e-07	0.350373510334226	0.16	0.314	0.0320487467617434	SND1	c13
9.67380420767196e-07	0.42010190936773	0.124	0.255	0.0324440045516902	TMEM43	c13
9.80192486921713e-07	0.413883987783207	0.12	0.247	0.0328736956263804	ZNF217	c13
9.80216133801653e-07	0.16470114622147	0.053	0.142	0.0328744886954398	TMEM11	c13
9.81219695887467e-07	0.142575326451544	0.04	0.12	0.0329081461606739	KBTBD4	c13
9.87789633753209e-07	0.200654750442962	0.113	0.235	0.0331284887368151	CTDSP2	c13
9.89647704990693e-07	0.44442273547622	0.167	0.324	0.0331908047299779	SNRPA1	c13
9.97014198089528e-07	0.340466701903564	0.16	0.311	0.0334378621755266	BDP1	c13
9.98180957519809e-07	0.182418990917316	0.076	0.176	0.0334769929532993	NUP107	c13
1.01153207096433e-06	0.148539114786186	0.131	0.263	0.0339247625960017	FAM208A	c13
1.01562967912031e-06	0.142226382782163	0.069	0.166	0.0340621881783369	NOL12	c13
1.02076893301077e-06	0.134649465845713	0.047	0.13	0.0342345484753154	SEC23IP	c13
1.0298810314325e-06	0.132072011354927	0.053	0.141	0.0345401500321831	CDC37L1	c13
1.03754128732684e-06	0.14104920996356	0.084	0.19	0.0347970596943677	ZEB1	c13
1.0509823947539e-06	0.179919633076475	0.082	0.186	0.0352478475552564	PPP1R21	c13
1.08555409351091e-06	0.334314563360433	0.087	0.194	0.0364073131881687	MGRN1	c13
1.12171321137098e-06	0.360497549146694	0.067	0.162	0.03762001768296	HDHD3	c13
1.12220888856405e-06	0.386180929262244	0.12	0.246	0.037636641704661	ARL16	c13
1.12277160541935e-06	0.246103993817303	0.067	0.162	0.0376555141025542	TFIP11	c13
1.1241293169079e-06	0.215009650710164	0.073	0.172	0.0377010490304571	ACYP2	c13
1.12475486406436e-06	0.215198756548202	0.047	0.13	0.0377220286309905	WIPF2	c13
1.14607842217252e-06	0.453462024118452	0.107	0.227	0.0384371781228218	GNB1	c13
1.16793337429577e-06	0.21597481617292	0.06	0.151	0.0391701495071316	AP1B1	c13
1.175325613584e-06	0.266442216414067	0.138	0.274	0.0394180704283803	ADD1	c13
1.19297497457939e-06	0.368342860987286	0.067	0.162	0.0400099946974437	GALK1	c13
1.20651393582961e-06	0.100190752975191	0.047	0.13	0.0404640643798535	TAF2	c13
1.20667603622022e-06	0.363429897029975	0.124	0.252	0.0404695009027536	ARID1A	c13
1.21812417782651e-06	0.10495601943691	0.076	0.175	0.0408534486759455	VGLL4	c13
1.22215787811224e-06	0.349037849155205	0.122	0.248	0.0409887309161283	PRKX	c13
1.23006703839115e-06	0.265497743370073	0.133	0.267	0.0412539883335624	ETNK1	c13
1.23531199841432e-06	0.315941235827166	0.16	0.307	0.0414298938028195	SETX	c13
1.23750882060308e-06	0.200046089276799	0.042	0.122	0.041503570825386	YIPF6	c13
1.25524643001683e-06	0.198393213086972	0.144	0.282	0.0420984547699043	MALT1	c13
1.28275559748821e-06	0.182632119616533	0.062	0.154	0.0430210572285595	MINK1	c13
1.30338155664436e-06	0.245525289619914	0.093	0.203	0.0437128106467387	GGA1	c13
1.30480665919225e-06	0.107248068418124	0.076	0.175	0.0437606057359898	PTPRE	c13
1.35496234636187e-06	0.242162660221393	0.229	0.425	0.0454427271722843	PHF20	c13
1.3712454616582e-06	0.208821593353699	0.367	0.588	0.0459888302930928	RGCC	c13
1.37848740908237e-06	0.218705687920507	0.064	0.157	0.0462317107258046	TDP1	c13
1.38313728145571e-06	0.389259454962409	0.209	0.392	0.0463876581454615	PRPF8	c13
1.38522087920094e-06	0.287371292298312	0.104	0.221	0.046457537846641	BSDC1	c13
1.38851763229703e-06	0.182566884870461	0.24	0.41	0.0465681043519779	MAP3K8	c13
1.39350739871193e-06	0.360748983516493	0.138	0.274	0.0467354511380006	PPP4R3A	c13
1.39427041720401e-06	0.248306223038393	0.08	0.182	0.0467610412521881	ALG3	c13
1.41754913047684e-06	0.372222984983865	0.127	0.254	0.0475417627379324	MYO9B	c13
1.41771729493401e-06	0.430993163241505	0.124	0.252	0.0475474026374969	RFTN1	c13
1.4234814851948e-06	0.26849106523629	0.187	0.352	0.0477407220504633	RASSF1	c13
1.45677520797038e-06	0.150258719694285	0.093	0.202	0.0488573269249107	NEPRO	c13
1.46342336232189e-06	0.123935868098014	0.073	0.171	0.0490802927255514	DDB2	c13
1.48188204230527e-06	0.212714899241651	0.049	0.132	0.0496993599348342	KIF3A	c13
1.48671599620356e-06	0.282937821920321	0.076	0.174	0.0498614810806749	SPG11	c13
