Term	Overlap	P.value	Adjusted.P.value	Odds.Ratio	Combined.Score	Genes	Rank	Database
Coronavirus disease	25/232	3.75053957308347e-15	8.13867087359112e-13	9.09714061887975	302.178598069973	RPL23;RPL28;RPL11;RPL13;RPL12;RPL41;RPS27;RPS26;RPS29;RPS28;RPL5;RPL6;RPL7;RPL8;RPS14;STAT1;FOS;RPS7;RPSA;TNF;RPS5;NFKBIA;CGAS;RPL36A;RPS4X	1	KEGG_2021_Human
Ribosome	21/158	9.54061533997959e-15	1.03515676438779e-12	11.411256973162	368.392101202753	RPL23;RPS7;RPSA;RPL28;RPL11;RPL13;RPL12;RPS5;RPL41;RPS27;RPS26;RPS29;RPS28;RPL5;RPL6;RPL7;RPL8;RPS14;MRPL32;RPL36A;RPS4X	2	KEGG_2021_Human
Salmonella infection	24/249	1.63382518137152e-13	1.1818002145254e-11	7.99630769230769	235.432746208832	PFN1;CYFIP2;AHNAK;MYL12B;ACTB;MYL12A;TUBB;PTPRC;FOS;TUBA1C;TUBA1B;TNF;HSP90B1;M6PR;ARPC5;ARPC3;ARPC2;ACTG1;ACTR3;ACTR2;NFKBIA;CDC42;GAPDH;HSP90AB1	3	KEGG_2021_Human
Regulation of actin cytoskeleton	21/218	5.71017184787539e-12	3.0977682274724e-10	7.91142807511918	204.817157605553	PFN1;CYFIP2;MYL12B;ACTB;MYL12A;CXCR4;RAC2;PPP1CA;PPP1CC;CFL1;ARPC5;ARPC3;ARPC2;ACTG1;ACTR3;ACTR2;ITGA4;MSN;CDC42;ITGB2;ITGB7	4	KEGG_2021_Human
Pathogenic Escherichia coli infection	19/197	5.87351457692501e-11	2.54910532638546e-09	7.86987492050032	185.398378273771	CYFIP2;ACTB;TUBB;FOS;TUBA1C;TUBA1B;PTPN6;TNF;ARPC5;ARPC3;ARPC2;NCL;ACTG1;ACTR3;ACTR2;NFKBIA;TMBIM6;CDC42;GAPDH	5	KEGG_2021_Human
Yersinia infection	16/137	1.137809624025e-10	4.11507814022375e-09	9.66818798569138	221.370043604321	CD4;TNF;ACTB;FYB1;ARPC5;ARPC3;ARPC2;ACTG1;ACTR3;ACTR2;ITGA4;NFKBIA;LCP2;FOS;CDC42;RAC2	6	KEGG_2021_Human
Antigen processing and presentation	11/78	1.30643361571075e-08	4.04994420870334e-07	11.8166858017604	214.512784746366	HSPA5;HSPA8;TAPBP;CD4;HSPA1A;HSPA1B;TNF;PDIA3;HLA-C;KIR3DL2;HSP90AB1	7	KEGG_2021_Human
Tight junction	15/169	1.98736232612504e-08	5.39072030961417e-07	7.08323275237773	125.613146154976	MYL6;MYL12B;ACTB;ARPC5;MYL12A;ARPC3;ARPC2;ACTG1;ACTR3;ACTR2;MSN;RAP1A;CDC42;TUBA1C;TUBA1B	8	KEGG_2021_Human
Leukocyte transendothelial migration	12/114	8.12369885860309e-08	1.95871405812986e-06	8.48356401384083	138.501776749806	MYL12B;ACTB;MYL12A;ACTG1;RASSF5;ITGA4;MSN;RAP1A;CDC42;ITGB2;CXCR4;RAC2	9	KEGG_2021_Human
Shigellosis	17/246	9.23516341980171e-08	2.00403046209697e-06	5.41810182686489	87.7605844286945	PFN1;MYL12B;ACTB;MYL12A;TNF;ARPC5;ARPC3;ARPC2;ACTG1;UBC;UBB;ACTR3;ACTR2;NFKBIA;CGAS;CDC42;CCL5	10	KEGG_2021_Human
Rap1 signaling pathway	15/210	3.49242251853754e-07	6.88959715020587e-06	5.58221332570775	82.9935567548019	PFN1;SKAP1;CALM1;ACTB;FYB1;RASSF5;APBB1IP;RAP1A;RAC2;ACTG1;LCP2;CDC42;EVL;ITGB2;KRIT1	11	KEGG_2021_Human
Human immunodeficiency virus 1 infection	14/212	2.19309828423208e-06	3.82939372689674e-05	5.11133557800224	66.601700683529	CD4;CALM1;HLA-C;CD3G;CD3E;FOS;CXCR4;RAC2;TNF;CFL1;PDIA3;TAPBP;NFKBIA;CGAS	12	KEGG_2021_Human
T cell receptor signaling pathway	10/104	2.29410684099805e-06	3.82939372689674e-05	7.61841900916291	98.9264428527276	CD4;PTPN6;TNF;NFKBIA;PTPRC;LCP2;CD3G;CD3E;FOS;CDC42	13	KEGG_2021_Human
Measles	11/139	4.88386449466839e-06	7.56998996673601e-05	6.16609432234432	75.4087052451127	HSPA1A;HSPA1B;HSPA8;MSN;NFKBIA;CDK6;TNFAIP3;CD3G;CD3E;STAT1;FOS	14	KEGG_2021_Human
Fc gamma R-mediated phagocytosis	9/97	9.92175454278355e-06	0.000143534715718935	7.2996694214876	84.0978911938731	CFL1;ARPC5;ARPC3;ARPC2;ACTR3;ACTR2;PTPRC;CDC42;RAC2	15	KEGG_2021_Human
Lipid and atherosclerosis	13/215	1.31395234694323e-05	0.000172306876487779	4.63413832158124	52.0871855679247	HSPA1A;CALM1;HSPA1B;RAP1A;FOS;TNF;HSP90B1;HSPA5;HSPA8;NFKBIA;CDC42;HSP90AB1;CCL5	16	KEGG_2021_Human
Bacterial invasion of epithelial cells	8/77	1.34986953930518e-05	0.000172306876487779	8.25330812854442	92.5436632691126	ACTR3;ACTR2;ACTB;ARPC5;CDC42;ARPC3;ARPC2;ACTG1	17	KEGG_2021_Human
Endocytosis	14/252	1.59725826772488e-05	0.000192558357831278	4.24357298474946	46.8687227253816	HSPA1A;HSPA1B;HLA-C;CXCR4;CAPZA1;ACAP1;ARPC5;ARPC3;ARPC2;ACTR3;ACTR2;HSPA8;CDC42;SMAP2	18	KEGG_2021_Human
Viral myocarditis	7/60	2.19456577326475e-05	0.000250642511999185	9.37545126353791	100.569915021888	ACTB;HLA-C;EIF4G2;ITGB2;ACTG1;RAC2;CD55	19	KEGG_2021_Human
Focal adhesion	12/201	3.20168713770731e-05	0.000347383054441244	4.55812324929972	47.1731459322587	MYL12B;ACTB;MYL12A;RAP1A;RAC2;PPP1CA;ZYX;PPP1CC;ACTG1;ITGA4;CDC42;ITGB7	20	KEGG_2021_Human
Protein processing in endoplasmic reticulum	11/171	3.45609376424849e-05	0.000357129688972344	4.92481684981685	50.5915919686963	HSPA1A;HSPA1B;HSP90B1;PDIA3;HSPA5;HSPA8;RPN1;DNAJB1;BCAP31;DAD1;HSP90AB1	21	KEGG_2021_Human
Prion disease	14/273	3.86804181037001e-05	0.000381529578568315	3.8952952952953	39.5768899718389	PSMC2;HSPA1A;HSPA1B;EGR1;TUBB;PSMA7;ATP5F1B;TUBA1C;TUBA1B;RAC2;TNF;HSPA5;HSPA8;CCL5	22	KEGG_2021_Human
Phagosome	10/152	6.48853393807418e-05	0.000612179071548738	5.03084198622391	48.5118501216968	ACTB;LAMP1;HLA-C;M6PR;ACTG1;CORO1A;TUBB;ITGB2;TUBA1C;TUBA1B	23	KEGG_2021_Human
Platelet activation	9/124	7.06014067818546e-05	0.000638354386319268	5.57815019762846	53.3185282577903	PPP1CA;MYL12B;PPP1CC;ACTB;MYL12A;ACTG1;APBB1IP;LCP2;RAP1A	24	KEGG_2021_Human
MAPK signaling pathway	14/294	8.58637704344818e-05	0.000745297527371302	3.59925925925926	33.698959527259	HSPA1A;HSPA1B;FLT3LG;JUND;DUSP5;DUSP1;AREG;RAP1A;FOS;RAC2;TNF;NR4A1;HSPA8;CDC42	25	KEGG_2021_Human
Leishmaniasis	7/77	0.000111293117335708	0.000928869479301872	7.09241877256318	64.5647217823937	ITGA4;NFKBIA;PTPN6;TNF;STAT1;FOS;ITGB2	26	KEGG_2021_Human
Legionellosis	6/57	0.000153686340568099	0.00119736019627179	8.32204824375794	73.0725500296511	HSPA8;NFKBIA;HSPA1A;HSPA1B;TNF;ITGB2	27	KEGG_2021_Human
Epstein-Barr virus infection	11/202	0.000154498089841521	0.00119736019627179	4.1189613179142	36.1452399829276	PSMC2;HLA-C;CD3G;CD3E;STAT1;TNF;PDIA3;TAPBP;NFKBIA;CDK6;TNFAIP3	28	KEGG_2021_Human
Fluid shear stress and atherosclerosis	9/139	0.000169513388829208	0.00126842777158407	4.93074125874126	42.8115487528307	CALM1;TNF;HSP90B1;ACTB;ACTG1;DUSP1;FOS;HSP90AB1;RAC2	29	KEGG_2021_Human
Proteoglycans in cancer	11/205	0.000175760491551718	0.00127133422222409	4.05464295155017	35.0580175114559	ACTB;CD63;PPP1CA;PDCD4;PTPN6;TNF;PPP1CC;ACTG1;MSN;EIF4B;CDC42	30	KEGG_2021_Human
PD-L1 expression and PD-1 checkpoint pathway in cancer	7/89	0.000275975915935715	0.00193183141155	6.05080567051158	49.5875442193253	NFKBIA;CD4;PTPN6;CD3G;CD3E;STAT1;FOS	31	KEGG_2021_Human
Protein export	4/23	0.000284884757010314	0.00193187475847619	14.8097744360902	120.898495032381	HSPA5;SRPRA;SRP68;SPCS1	32	KEGG_2021_Human
Glycolysis / Gluconeogenesis	6/67	0.000375462004357665	0.00242492176493692	6.9542398867791	54.8505467716934	TPI1;ALDOA;GPI;PKM;GAPDH;ENO1	33	KEGG_2021_Human
IL-17 signaling pathway	7/94	0.000386060715913335	0.00242492176493692	5.70160587576248	44.8118620689114	NFKBIA;TNFAIP3;TNF;HSP90B1;JUND;FOS;HSP90AB1	34	KEGG_2021_Human
Human cytomegalovirus infection	11/225	0.000391116413699503	0.00242492176493692	3.67193865324706	28.8118861371937	CALM1;HLA-C;CXCR4;RAC2;TNF;PDIA3;TAPBP;NFKBIA;CDK6;CGAS;CCL5	35	KEGG_2021_Human
Osteoclast differentiation	8/127	0.000467219812571354	0.00281629720355511	4.77335281938863	36.6054619378415	TNF;JUND;SIRPG;NFKBIA;LCP2;SOCS1;STAT1;FOS	36	KEGG_2021_Human
Hematopoietic cell lineage	7/99	0.000528762594327462	0.00310112116132592	5.39036258044263	40.6701293965132	CD4;TNF;FLT3LG;ITGA4;CD3G;CD3E;CD55	37	KEGG_2021_Human
Hippo signaling pathway	9/163	0.000550818843629029	0.0031454655017763	4.15721369539551	31.1961663329586	PPP1CA;PPP1CC;ACTB;ACTG1;ID2;YWHAB;AREG;YWHAZ;ITGB2	38	KEGG_2021_Human
Natural killer cell mediated cytotoxicity	8/131	0.000574380236579079	0.00319591054711949	4.61717921527041	34.4544022260042	PTPN6;TNF;HLA-C;LCP2;KIR3DL2;CD48;ITGB2;RAC2	39	KEGG_2021_Human
Amyotrophic lateral sclerosis	14/364	0.000752706446426594	0.00408343247186427	2.86903703703704	20.6336417009852	PSMC2;PFN1;ACTB;TUBB;PSMA7;HNRNPA2B1;ATP5F1B;TUBA1C;TUBA1B;TNF;ACTG1;FUS;HSPA5;NUP107	40	KEGG_2021_Human
Estrogen signaling pathway	8/137	0.000771589584926567	0.00408377902266012	4.40107853050219	31.5427841006209	HSPA1A;FKBP5;CALM1;HSPA1B;HSP90B1;HSPA8;FOS;HSP90AB1	41	KEGG_2021_Human
Th17 cell differentiation	7/107	0.000841438437931004	0.00434743192931019	4.9571119133574	35.0983238125256	CD4;NFKBIA;CD3G;CD3E;STAT1;FOS;HSP90AB1	42	KEGG_2021_Human
Parkinson disease	11/249	0.000907080732101221	0.00457759346199919	3.29759596146151	23.1005800749268	PSMC2;CALM1;DUSP1;TUBB;PSMA7;ATP5F1B;TUBA1C;TUBA1B;UBC;UBB;HSPA5	43	KEGG_2021_Human
Toxoplasmosis	7/112	0.00110107095059372	0.00543028173360992	4.71985559566787	32.1491641459651	HSPA1A;HSPA1B;TNF;HSPA8;NFKBIA;SOCS1;STAT1	44	KEGG_2021_Human
Human T-cell leukemia virus 1 infection	10/219	0.00120013745763503	0.00578732951792892	3.40638424195858	22.9090212793434	CD4;EGR1;HLA-C;CD3G;CD3E;FOS;TNF;ZFP36;NFKBIA;ITGB2	45	KEGG_2021_Human
PI3K-Akt signaling pathway	13/354	0.00174061613548302	0.00800982624462439	2.72559543777256	17.3171145711527	FLT3LG;AREG;HSP90B1;NR4A1;ITGA4;RBL2;CDK6;EIF4B;YWHAB;YWHAZ;DDIT4;HSP90AB1;ITGB7	46	KEGG_2021_Human
Cellular senescence	8/156	0.00177770036676461	0.00800982624462439	3.83235409322366	24.2681319610699	PPP1CA;CALM1;ZFP36L2;PPP1CC;HLA-C;RASSF5;RBL2;CDK6	47	KEGG_2021_Human
Hypertrophic cardiomyopathy	6/90	0.00178614319893519	0.00800982624462439	5.04419321685509	31.9181243748066	ITGA4;TPM3;TNF;ACTB;ACTG1;ITGB7	48	KEGG_2021_Human
Kaposi sarcoma-associated herpesvirus infection	9/193	0.00180867044233454	0.00800982624462439	3.47407114624506	21.939326485798	CALM1;HLA-C;STAT1;FOS;ZFP36;UBC;UBB;NFKBIA;CDK6	49	KEGG_2021_Human
Th1 and Th2 cell differentiation	6/92	0.00199812299410541	0.00867185379441747	4.9263844738163	30.6201744441763	NFKBIA;CD4;CD3G;CD3E;STAT1;FOS	50	KEGG_2021_Human
Dilated cardiomyopathy	6/96	0.00247855360427513	0.0105460025907393	4.70647482014389	28.2392259708179	ITGA4;TPM3;TNF;ACTB;ACTG1;ITGB7	51	KEGG_2021_Human
Viral carcinogenesis	9/203	0.00254647792994617	0.010626648284583	3.29330834114339	19.6710758857276	HNRNPK;HLA-C;NFKBIA;RBL2;CDK6;YWHAB;YWHAZ;CDC42;PKM	52	KEGG_2021_Human
Influenza A	8/172	0.00325576273630981	0.013330198373193	3.45563803464122	19.7915749036035	TNF;ACTB;ACTG1;NFKBIA;CDK6;DNAJB1;STAT1;CCL5	53	KEGG_2021_Human
Chagas disease	6/102	0.00335557975473591	0.0133402730636786	4.41097122302158	25.1298796609794	TNF;NFKBIA;CD3G;CD3E;FOS;CCL5	54	KEGG_2021_Human
Adherens junction	5/71	0.00338117520047153	0.0133402730636786	5.33561420658195	30.3571474343721	PTPN6;ACTB;CDC42;ACTG1;RAC2	55	KEGG_2021_Human
Apoptosis	7/142	0.00422334215367207	0.0163138825490993	3.66538307260329	20.0391202040849	TNF;ACTB;ACTG1;NFKBIA;FOS;TUBA1C;TUBA1B	56	KEGG_2021_Human
Tuberculosis	8/180	0.00428521338847309	0.0163138825490993	3.29356252106505	17.958429365832	CALM1;TNF;LAMP1;CORO1A;HSPA9;STAT1;ITGB2;LSP1	57	KEGG_2021_Human
Pertussis	5/76	0.00453111240967492	0.0169526102224044	4.95860467464284	26.7605372358642	CALM1;TNF;CFL1;FOS;ITGB2	58	KEGG_2021_Human
RNA transport	8/186	0.00520927627626729	0.0191202000830953	3.18156652011073	16.7264953005675	CYFIP2;EIF2B5;EIF4G2;FUS;EIF4B;KPNB1;EIF4A1;NUP107	59	KEGG_2021_Human
Cell adhesion molecules	7/148	0.00528669126721528	0.0191202000830953	3.50833397342346	18.3926608216694	CD4;HLA-C;ITGA4;PTPRC;SPN;ITGB2;ITGB7	60	KEGG_2021_Human
N-Glycan biosynthesis	4/50	0.00549027980264665	0.0195309953635135	6.10869565217391	31.794392881454	DOLPP1;RPN1;DOLK;DAD1	61	KEGG_2021_Human
Spliceosome	7/150	0.00568228794637422	0.0198880078123098	3.45891292822701	17.8839679695032	HNRNPK;HSPA1A;HSPA1B;SRSF2;PCBP1;FUS;HSPA8	62	KEGG_2021_Human
Chemokine signaling pathway	8/192	0.00627854579916191	0.0216261021971133	3.07687460617517	15.6016523340513	NFKBIA;RAP1A;STAT1;CDC42;CXCR4;CCL5;CXCR3;RAC2	63	KEGG_2021_Human
Oxytocin signaling pathway	7/154	0.00653946199309484	0.0221728633203372	3.36410520887055	16.9211140716528	PPP1CA;MYL6;CALM1;PPP1CC;ACTB;ACTG1;FOS	64	KEGG_2021_Human
Rheumatoid arthritis	5/93	0.0105024942402071	0.0350621730788452	3.99723036819811	18.2119511761969	TNF;FOS;LTB;ITGB2;CCL5	65	KEGG_2021_Human
Non-homologous end-joining	2/13	0.0141351431478165	0.046474637319336	12.7047066408769	54.1105037534308	XRCC5;XRCC6	66	KEGG_2021_Human
NOD-like receptor signaling pathway	7/181	0.0150348788487742	0.0483812555488241	2.83816755881987	11.9128749016992	TNF;NFKBIA;TNFAIP3;PSTPIP1;STAT1;HSP90AB1;CCL5	67	KEGG_2021_Human
Long-term potentiation	4/67	0.0151609464392628	0.0483812555488241	4.45646258503401	18.668266473105	PPP1CA;CALM1;PPP1CC;RAP1A	68	KEGG_2021_Human
Fc epsilon RI signaling pathway	4/68	0.0159333989931406	0.0497320931368454	4.38660714285714	18.1576487919943	LCP2;TNF;ALOX5AP;RAC2	69	KEGG_2021_Human
C-type lectin receptor signaling pathway	5/104	0.016406609226401	0.0497320931368454	3.55110242207016	14.595283167232	CALM1;TNF;NFKBIA;STAT1;LSP1	70	KEGG_2021_Human
Toll-like receptor signaling pathway	5/104	0.016406609226401	0.0497320931368454	3.55110242207016	14.595283167232	TNF;NFKBIA;STAT1;FOS;CCL5	70	KEGG_2021_Human
Primary immunodeficiency	3/38	0.0165698162838529	0.0497320931368454	6.00335536349771	24.6147927785388	PTPRC;CD4;CD3E	72	KEGG_2021_Human
Amphetamine addiction	4/69	0.016730151147418	0.0497320931368454	4.3189010989011	17.6666494895839	PPP1CA;CALM1;PPP1CC;FOS	73	KEGG_2021_Human
Prolactin signaling pathway	4/70	0.0175514173828057	0.0514683455684978	4.25324675324675	17.1942628130183	SOCS1;STAT1;CISH;FOS	74	KEGG_2021_Human
Pathways in cancer	14/531	0.0200539881813339	0.0580228724713261	1.92553907873057	7.52756235911588	STAT1;FOS;TPM3;HSP90B1;CDK6;CDC42;HSP90AB1;CALM1;FLT3LG;RASSF5;NCOA4;CXCR4;RAC2;NFKBIA	75	KEGG_2021_Human
Human papillomavirus infection	10/331	0.020384052466618	0.0582018340165277	2.20512995429429	8.58457626101591	HLA-C;BCAP31;STAT1;TNF;ITGA4;RBL2;CDK6;CDC42;PKM;ITGB7	76	KEGG_2021_Human
Graft-versus-host disease	3/42	0.0216367472446022	0.0608365530797957	5.38653161784834	20.6485264154164	HLA-C;KIR3DL2;TNF	77	KEGG_2021_Human
TNF signaling pathway	5/112	0.0218675167752261	0.0608365530797957	3.28425953840485	12.5549129885682	TNF;NFKBIA;TNFAIP3;FOS;CCL5	78	KEGG_2021_Human
Pancreatic cancer	4/76	0.0230045400470272	0.0631896859519609	3.89761904761905	14.7020672837937	CDK6;STAT1;CDC42;RAC2	79	KEGG_2021_Human
Arrhythmogenic right ventricular cardiomyopathy	4/77	0.024002557204027	0.0651069364159232	3.8440313111546	14.3366795894463	ITGA4;ACTB;ACTG1;ITGB7	80	KEGG_2021_Human
Hepatitis C	6/157	0.0248362374775854	0.0665365868226671	2.79646481490304	10.3342001052669	TNF;NFKBIA;CDK6;YWHAB;STAT1;YWHAZ	81	KEGG_2021_Human
Proteasome	3/46	0.0274565217537507	0.0717839183200471	4.8844657783663	17.5603947266578	PSMA7;PSMC2;PSMB10	82	KEGG_2021_Human
Type II diabetes mellitus	3/46	0.0274565217537507	0.0717839183200471	4.8844657783663	17.5603947266578	PKM;TNF;SOCS1	82	KEGG_2021_Human
B cell receptor signaling pathway	4/81	0.02825446890471	0.0724664085683524	3.64359925788497	12.9949100253611	NFKBIA;PTPN6;FOS;RAC2	84	KEGG_2021_Human
Hepatitis B	6/162	0.0283854595774652	0.0724664085683524	2.70614277808522	9.63895110707789	TNF;NFKBIA;YWHAB;STAT1;FOS;YWHAZ	85	KEGG_2021_Human
Pyruvate metabolism	3/47	0.0290288764189653	0.0732472811966914	4.77321255257198	16.8946149766445	MDH2;PKM;MDH1	86	KEGG_2021_Human
Intestinal immune network for IgA production	3/48	0.0306479857322767	0.0764438264816557	4.66690391459075	16.2650390935872	ITGA4;CXCR4;ITGB7	87	KEGG_2021_Human
Cell cycle	5/124	0.0320696843478397	0.0790809261759229	2.95126652811662	10.1518967776578	CCNH;RBL2;CDK6;YWHAB;YWHAZ	88	KEGG_2021_Human
Cysteine and methionine metabolism	3/50	0.0340258294222311	0.0820400553847128	4.46785795411524	15.1041985558601	MDH2;MAT2B;MDH1	89	KEGG_2021_Human
Malaria	3/50	0.0340258294222311	0.0820400553847128	4.46785795411524	15.1041985558601	TNF;KLRB1;ITGB2	89	KEGG_2021_Human
cAMP signaling pathway	7/216	0.0350443681204835	0.0835673393642298	2.35864439569551	7.90414842862085	CALM1;RAP1A;FOS;RAC2;PPP1CA;PPP1CC;NFKBIA	91	KEGG_2021_Human
Oocyte meiosis	5/129	0.0370687025770182	0.0874337876001406	2.83154121863799	9.32987808869349	PPP1CA;CALM1;PPP1CC;YWHAB;YWHAZ	92	KEGG_2021_Human
Pathways of neurodegeneration	12/475	0.0395424976868003	0.0922658279358674	1.83455088298818	5.92629518734234	PSMC2;PSMA7;TUBA1C;TUBA1B;TNF;FUS;CALM1;TUBB;ATP5F1B;UBC;UBB;HSPA5	93	KEGG_2021_Human
Dopaminergic synapse	5/132	0.0402852547961714	0.0929989392635021	2.76423108401772	8.87807381340813	PPP1CA;CALM1;COMT;PPP1CC;FOS	94	KEGG_2021_Human
Axon guidance	6/182	0.0458567768540975	0.104746532393044	2.39617396991498	7.38556477369739	MYL12B;CFL1;MYL12A;CDC42;CXCR4;RAC2	95	KEGG_2021_Human
Herpes simplex virus 1 infection	12/498	0.0530361440917315	0.119883784040685	1.74564270152505	5.12657142513251	STAT1;PPP1CA;SRSF2;TNF;PPP1CC;EIF2B5;CCL5;HLA-C;PDIA3;TAPBP;NFKBIA;CGAS	96	KEGG_2021_Human
AGE-RAGE signaling pathway in diabetic complications	4/100	0.0542461374430136	0.120116447195244	2.91964285714286	8.50849179174318	TNF;EGR1;STAT1;CDC42	97	KEGG_2021_Human
Viral protein interaction with cytokine and cytokine receptor	4/100	0.0542461374430136	0.120116447195244	2.91964285714286	8.50849179174318	TNF;CXCR4;CCL5;CXCR3	97	KEGG_2021_Human
Cytosolic DNA-sensing pathway	3/63	0.0603855238576716	0.130930898059639	3.49750889679715	9.81752801766886	NFKBIA;CGAS;CCL5	99	KEGG_2021_Human
Cytokine-cytokine receptor interaction	8/295	0.0604129278849697	0.130930898059639	1.96222794526082	5.50709507644474	CD4;IL16;IL32;CXCR4;CXCR3;TNF;LTB;CCL5	100	KEGG_2021_Human
NF-kappa B signaling pathway	4/104	0.0609401875761454	0.130930898059639	2.80228571428571	7.84040991079199	TNF;NFKBIA;TNFAIP3;LTB	101	KEGG_2021_Human
Citrate cycle (TCA cycle)	2/30	0.0673781783505132	0.140587160596744	4.98682877406282	13.4516418704836	MDH2;MDH1	102	KEGG_2021_Human
Glyoxylate and dicarboxylate metabolism	2/30	0.0673781783505132	0.140587160596744	4.98682877406282	13.4516418704836	MDH2;MDH1	102	KEGG_2021_Human
Pentose phosphate pathway	2/30	0.0673781783505132	0.140587160596744	4.98682877406282	13.4516418704836	ALDOA;GPI	102	KEGG_2021_Human
Insulin resistance	4/108	0.0680509841912405	0.140638700661897	2.69395604395604	7.24000171519481	PPP1CA;TNF;PPP1CC;NFKBIA	105	KEGG_2021_Human
Circadian rhythm	2/31	0.0713702344878414	0.146106989470392	4.81462460259232	12.7100041400153	NR1D1;PER1	106	KEGG_2021_Human
Epithelial cell signaling in Helicobacter pylori infection	3/70	0.0775531014947554	0.157280589012728	3.13098210017528	8.00527122785177	NFKBIA;CDC42;CCL5	107	KEGG_2021_Human
Fructose and mannose metabolism	2/33	0.0795758765934763	0.159888566859114	4.50354609929078	11.3986746390645	TPI1;ALDOA	108	KEGG_2021_Human
Alzheimer disease	9/369	0.081485868178916	0.162224159585548	1.75963636363636	4.4119814250232	PSMC2;CALM1;TUBB;PSMA7;ATP5F1B;TUBA1C;TUBA1B;TNF;GAPDH	109	KEGG_2021_Human
Neurotrophin signaling pathway	4/119	0.0896893641874046	0.176932654806062	2.43490683229814	5.87154185410242	CALM1;NFKBIA;RAP1A;CDC42	110	KEGG_2021_Human
Gastric acid secretion	3/76	0.0937678633070378	0.183311948987632	2.87276361331838	6.79963925708997	CALM1;ACTB;ACTG1	111	KEGG_2021_Human
Thyroid cancer	2/37	0.096794061715331	0.187538494573454	3.98804457953394	9.3127605951733	NCOA4;TPM3	112	KEGG_2021_Human
Allograft rejection	2/38	0.101250964239302	0.194437692388748	3.87706855791962	8.87908038177569	HLA-C;TNF	113	KEGG_2021_Human
RNA degradation	3/79	0.102355660552206	0.194834897717795	2.7589436224012	6.28846478547378	HSPA9;BTG1;ENO1	114	KEGG_2021_Human
Various types of N-glycan biosynthesis	2/39	0.105763659960532	0.199571427925526	3.77209124017635	8.47418515247912	DAD1;RPN1	115	KEGG_2021_Human
Lysosome	4/128	0.109547869986627	0.204930067130156	2.25714285714286	4.99143139593837	LAMP1;M6PR;LAPTM5;CD63	116	KEGG_2021_Human
Ras signaling pathway	6/232	0.113780454437437	0.211028706093367	1.86127204431145	4.04544598636675	CALM1;FLT3LG;RASSF5;RAP1A;RAC2;CDC42	117	KEGG_2021_Human
Ferroptosis	2/41	0.114946613040524	0.211384873133846	3.57828696126568	7.74086342909591	NCOA4;PCBP1	118	KEGG_2021_Human
Vascular smooth muscle contraction	4/133	0.121359844423737	0.221303245713873	2.16910299003322	4.57462785042836	PPP1CA;MYL6;CALM1;PPP1CC	119	KEGG_2021_Human
Colorectal cancer	3/86	0.123532581385722	0.222960976364891	2.52536123140248	5.28116253586208	AREG;FOS;RAC2	120	KEGG_2021_Human
Type I diabetes mellitus	2/43	0.124323862397013	0.222960976364891	3.40339041688289	7.09561066643371	HLA-C;TNF	121	KEGG_2021_Human
Gap junction	3/88	0.129854745512292	0.23097114570629	2.46568976344986	5.03330817162946	TUBB;TUBA1C;TUBA1B	122	KEGG_2021_Human
Insulin signaling pathway	4/137	0.13118558309628	0.231441231966608	2.10343716433942	4.27238018609767	PPP1CA;CALM1;PPP1CC;SOCS1	123	KEGG_2021_Human
Basal transcription factors	2/45	0.133877247898243	0.234285183821925	3.2447633184892	6.52467378128592	TAF15;CCNH	124	KEGG_2021_Human
Transcriptional misregulation in cancer	5/192	0.138728439264422	0.240832570563036	1.87156191900025	3.6967782212855	FUS;NFKBIZ;ID2;TAF15;ITGB7	125	KEGG_2021_Human
GnRH signaling pathway	3/93	0.146139525192109	0.251684737830855	2.32811387900356	4.47741339000109	CALM1;EGR1;CDC42	126	KEGG_2021_Human
Vibrio cholerae infection	2/50	0.158419828860974	0.26826192366544	2.90602836879433	5.35437652261956	ACTB;ACTG1	127	KEGG_2021_Human
Circadian entrainment	3/97	0.159620830651412	0.26826192366544	2.22859089876581	4.08936197263093	CALM1;FOS;PER1	128	KEGG_2021_Human
Prostate cancer	3/97	0.159620830651412	0.26826192366544	2.22859089876581	4.08936197263093	HSP90B1;NFKBIA;HSP90AB1	128	KEGG_2021_Human
Inflammatory mediator regulation of TRP channels	3/98	0.163049155945927	0.26826192366544	2.20501966660423	3.99925200467694	PPP1CA;CALM1;PPP1CC	130	KEGG_2021_Human
mRNA surveillance pathway	3/98	0.163049155945927	0.26826192366544	2.20501966660423	3.99925200467694	PPP1CA;PPP1CC;FUS	130	KEGG_2021_Human
Diabetic cardiomyopathy	5/203	0.163182368312618	0.26826192366544	1.76659063755838	3.20262898843385	ATP5F1B;RAC2;PPP1CA;PPP1CC;GAPDH	132	KEGG_2021_Human
Adrenergic signaling in cardiomyocytes	4/150	0.165224648368108	0.269577057863756	1.91487279843444	3.44763124750071	TPM3;PPP1CA;CALM1;PPP1CC	133	KEGG_2021_Human
mTOR signaling pathway	4/154	0.176282889868914	0.284473575700325	1.86342857142857	3.23428820892592	TNF;SLC7A5;EIF4B;DDIT4	134	KEGG_2021_Human
Longevity regulating pathway	3/102	0.17697664847716	0.284473575700325	2.11549660304109	3.66348476607113	HSPA1A;HSPA1B;HSPA8	135	KEGG_2021_Human
Necroptosis	4/159	0.190447264282592	0.30287924320678	1.80285714285714	2.9898221396044	TNF;TNFAIP3;STAT1;HSP90AB1	136	KEGG_2021_Human
Parathyroid hormone synthesis, secretion and action	3/106	0.191218692715801	0.30287924320678	2.03292678713333	3.36314705508545	EGR1;JUND;FOS	137	KEGG_2021_Human
JAK-STAT signaling pathway	4/162	0.199114594442315	0.31310048546364	1.76835443037975	2.8539025970038	PTPN6;CISH;SOCS1;STAT1	138	KEGG_2021_Human
HIF-1 signaling pathway	3/109	0.20208438527499	0.315484256148725	1.97508896797153	3.15830535786415	ENO1;ALDOA;GAPDH	139	KEGG_2021_Human
VEGF signaling pathway	2/59	0.204330274105322	0.316711924863249	2.44606196341919	3.88438945735274	CDC42;RAC2	140	KEGG_2021_Human
Inflammatory bowel disease	2/65	0.235678870798323	0.362711453639972	2.21242823370483	3.19758959977406	TNF;STAT1	141	KEGG_2021_Human
Growth hormone synthesis, secretion and action	3/119	0.239237047909634	0.365594643636553	1.80390231930298	2.58012218420671	SOCS1;STAT1;FOS	142	KEGG_2021_Human
Thyroid hormone signaling pathway	3/121	0.246807497470774	0.37452606259551	1.77314675191507	2.48089226463656	ACTB;ACTG1;STAT1	143	KEGG_2021_Human
Steroid biosynthesis	1/20	0.248867061105269	0.375028835137802	3.663195090199	5.09490513120938	LBR	144	KEGG_2021_Human
Mitophagy	2/68	0.251460321782216	0.376323378115454	2.11154094132818	2.91491906720268	UBC;UBB	145	KEGG_2021_Human
Adipocytokine signaling pathway	2/69	0.256728343305652	0.378979935355962	2.07991955118027	2.82814311957905	NFKBIA;TNF	146	KEGG_2021_Human
Renal cell carcinoma	2/69	0.256728343305652	0.378979935355962	2.07991955118027	2.82814311957905	RAP1A;CDC42	146	KEGG_2021_Human
Central carbon metabolism in cancer	2/70	0.261998203358914	0.381567853213989	2.04922820191907	2.74477238698077	SLC7A5;PKM	148	KEGG_2021_Human
RIG-I-like receptor signaling pathway	2/70	0.261998203358914	0.381567853213989	2.04922820191907	2.74477238698077	NFKBIA;TNF	148	KEGG_2021_Human
Huntington disease	6/306	0.269213143094277	0.389461680343054	1.3968345323741	1.83299871268417	PSMC2;TUBB;PSMA7;ATP5F1B;TUBA1C;TUBA1B	150	KEGG_2021_Human
Non-small cell lung cancer	2/72	0.272539028318095	0.391662047318057	1.99047619047619	2.58756620435489	CDK6;RASSF5	151	KEGG_2021_Human
Proximal tubule bicarbonate reclamation	1/23	0.280445784314432	0.396639469965227	3.16318663668487	4.02159595156046	MDH1	152	KEGG_2021_Human
Renin-angiotensin system	1/23	0.280445784314432	0.396639469965227	3.16318663668487	4.02159595156046	ATP6AP2	152	KEGG_2021_Human
Neutrophil extracellular trap formation	4/189	0.281486075459193	0.396639469965227	1.50818532818533	1.91188476099408	ACTB;ACTG1;ITGB2;RAC2	154	KEGG_2021_Human
Glioma	2/75	0.288337286430833	0.401084558689043	1.90838433887108	2.37331323421462	CDK6;CALM1	155	KEGG_2021_Human
Thyroid hormone synthesis	2/75	0.288337286430833	0.401084558689043	1.90838433887108	2.37331323421462	HSPA5;HSP90B1	155	KEGG_2021_Human
Chronic myeloid leukemia	2/76	0.293595919488232	0.405798181713034	1.88249952079739	2.30709894532787	NFKBIA;CDK6	157	KEGG_2021_Human
Ubiquitin mediated proteolysis	3/140	0.320021401933328	0.439523064680583	1.52575525365613	1.73839580308214	UBC;UBB;SOCS1	158	KEGG_2021_Human
Phototransduction	1/28	0.330164064795945	0.450601270822139	2.57675696898312	2.85547338625568	CALM1	159	KEGG_2021_Human
Complement and coagulation cascades	2/85	0.340581421443429	0.46191355283265	1.67760403315389	1.80694908035064	ITGB2;CD55	160	KEGG_2021_Human
ECM-receptor interaction	2/88	0.356044512993115	0.47988608272985	1.61883555995382	1.67177070483127	ITGA4;ITGB7	161	KEGG_2021_Human
Asthma	1/31	0.358336063044143	0.479993368398637	2.31872791519435	2.3796733813276	TNF	162	KEGG_2021_Human
Small cell lung cancer	2/92	0.376455570765145	0.497301416347805	1.54657210401891	1.51093172823722	NFKBIA;CDK6	163	KEGG_2021_Human
Cushing syndrome	3/155	0.378132413352018	0.497301416347805	1.37413373290878	1.33635995750075	NR4A1;CDK6;RAP1A	164	KEGG_2021_Human
Non-alcoholic fatty liver disease	3/155	0.378132413352018	0.497301416347805	1.37413373290878	1.33635995750075	TNF;FOS;CDC42	164	KEGG_2021_Human
TGF-beta signaling pathway	2/94	0.386561888031559	0.505324877728002	1.51279679309282	1.43785783143612	ID2;TNF	166	KEGG_2021_Human
Phosphatidylinositol signaling system	2/97	0.40158522191646	0.515920321369085	1.46480029861889	1.33638932646101	CALM1;PPIP5K2	167	KEGG_2021_Human
Starch and sucrose metabolism	1/36	0.402689699486049	0.515920321369085	1.98697627460878	1.8073317429363	GPI	168	KEGG_2021_Human
Tyrosine metabolism	1/36	0.402689699486049	0.515920321369085	1.98697627460878	1.8073317429363	COMT	168	KEGG_2021_Human
Aldosterone synthesis and secretion	2/98	0.406554723290846	0.515920321369085	1.44946808510638	1.30457452775308	CALM1;NR4A1	170	KEGG_2021_Human
Choline metabolism in cancer	2/98	0.406554723290846	0.515920321369085	1.44946808510638	1.30457452775308	FOS;RAC2	170	KEGG_2021_Human
African trypanosomiasis	1/37	0.411186800535237	0.518764742535735	1.93168433451119	1.71670267486947	TNF	172	KEGG_2021_Human
cGMP-PKG signaling pathway	3/167	0.423892717541071	0.530296120648198	1.2728061800191	1.09241757197104	PPP1CA;CALM1;PPP1CC	173	KEGG_2021_Human
Amoebiasis	2/102	0.426229349443698	0.530296120648198	1.39120567375887	1.18638917276253	TNF;ITGB2	174	KEGG_2021_Human
Hepatocellular carcinoma	3/168	0.427658161813062	0.530296120648198	1.2650274991912	1.07455368735815	ACTB;ACTG1;CDK6	175	KEGG_2021_Human
Chemical carcinogenesis	4/239	0.441403965369852	0.54423102548442	1.18425531914894	0.968477843743333	FOS;HSP90B1;KPNB1;HSP90AB1	176	KEGG_2021_Human
MicroRNAs in cancer	5/310	0.450333300633353	0.549004168571142	1.14054879840179	0.909892538045791	HNRNPK;SOCS1;PDCD4;CDK6;DDIT4	177	KEGG_2021_Human
Glucagon signaling pathway	2/107	0.45033521661596	0.549004168571142	1.32462006079027	1.05673293677246	CALM1;PKM	178	KEGG_2021_Human
Nucleotide excision repair	1/47	0.489805709807447	0.593786810213497	1.51098479029037	1.07846007102993	CCNH	179	KEGG_2021_Human
Alcoholism	3/186	0.493737282120198	0.595227723444906	1.1395484510822	0.80423828032018	PPP1CA;CALM1;PPP1CC	180	KEGG_2021_Human
Amino sugar and nucleotide sugar metabolism	1/48	0.497067534015069	0.595931794924143	1.47876099541388	1.03369737999816	GPI	181	KEGG_2021_Human
Sphingolipid signaling pathway	2/119	0.505752287130918	0.603012342348402	1.18803418803419	0.80989274372408	TNF;RAC2	182	KEGG_2021_Human
Autoimmune thyroid disease	1/53	0.531860436824243	0.630676037108529	1.33623267192172	0.843662781939397	HLA-C	183	KEGG_2021_Human
Fanconi anemia pathway	1/54	0.538525681519782	0.635109091792351	1.31095406360424	0.811375810542971	USP1	184	KEGG_2021_Human
Relaxin signaling pathway	2/129	0.549084637618621	0.644061439801301	1.09392974814318	0.655813818448158	NFKBIA;FOS	185	KEGG_2021_Human
Mineral absorption	1/60	0.576577354635208	0.668920351729261	1.17727735521351	0.648262794008767	MT2A	186	KEGG_2021_Human
Apelin signaling pathway	2/137	0.581790210026428	0.668920351729261	1.02868400315209	0.557181917322115	CALM1;EGR1	187	KEGG_2021_Human
Autophagy	2/137	0.581790210026428	0.668920351729261	1.02868400315209	0.557181917322115	LAMP1;DDIT4	187	KEGG_2021_Human
Steroid hormone biosynthesis	1/61	0.582608048280324	0.668920351729261	1.15759717314488	0.625381014684621	COMT	189	KEGG_2021_Human
Spinocerebellar ataxia	2/143	0.605156281731939	0.688363639938269	0.984608420099593	0.494537831072261	PSMC2;PSMA7	190	KEGG_2021_Human
Cortisol synthesis and secretion	1/65	0.605886890452578	0.688363639938269	1.08502650176678	0.543665505358319	NR4A1	191	KEGG_2021_Human
Breast cancer	2/147	0.620178426560961	0.700930825852753	0.957251161653216	0.457324883085829	CDK6;FOS	192	KEGG_2021_Human
Renin secretion	1/69	0.627871738081476	0.705949052661556	1.02099355643317	0.475190179950487	CALM1	193	KEGG_2021_Human
Thermogenesis	3/232	0.642823927889749	0.714485476004838	0.908498966572907	0.401451540132892	ACTB;ATP5F1B;ACTG1	194	KEGG_2021_Human
Melanoma	1/72	0.643554466148928	0.714485476004838	0.977703677897775	0.430921541960471	CDK6	195	KEGG_2021_Human
Inositol phosphate metabolism	1/73	0.648634280059692	0.714485476004838	0.964075382803298	0.417334961865921	TPI1	196	KEGG_2021_Human
p53 signaling pathway	1/73	0.648634280059692	0.714485476004838	0.964075382803298	0.417334961865921	CDK6	196	KEGG_2021_Human
PPAR signaling pathway	1/74	0.653641951282809	0.716365168830149	0.950820465656615	0.404284633267757	UBC	198	KEGG_2021_Human
ErbB signaling pathway	1/85	0.704246880786288	0.76794760367148	0.825845532559313	0.289563164579185	AREG	199	KEGG_2021_Human
Cardiac muscle contraction	1/87	0.712622182094348	0.773195067572367	0.806557646478757	0.273264874507876	TPM3	200	KEGG_2021_Human
Salivary secretion	1/93	0.736356300978956	0.794971727922554	0.753725610692887	0.230671069868193	CALM1	201	KEGG_2021_Human
Staphylococcus aureus infection	1/95	0.743825288742626	0.799059839886881	0.737613713254643	0.218296113614705	ITGB2	202	KEGG_2021_Human
Progesterone-mediated oocyte maturation	1/100	0.761588128933209	0.813320934361399	0.700182032337509	0.19069414424024	HSP90AB1	203	KEGG_2021_Human
Melanogenesis	1/101	0.764990589806725	0.813320934361399	0.693144876325088	0.185687791244989	CALM1	204	KEGG_2021_Human
Pancreatic secretion	1/102	0.768344661493488	0.813320934361399	0.686247069936676	0.180837678899966	RAP1A	205	KEGG_2021_Human
Ribosome biogenesis in eukaryotes	1/108	0.787490652272775	0.829541123996079	0.647567781777352	0.154706389890211	IMP3	206	KEGG_2021_Human
Cholinergic synapse	1/113	0.802235145539207	0.83694724318273	0.618500757193337	0.136288815978737	FOS	207	KEGG_2021_Human
Serotonergic synapse	1/113	0.802235145539207	0.83694724318273	0.618500757193337	0.136288815978737	DUSP1	207	KEGG_2021_Human
Purine metabolism	1/129	0.842904629369549	0.873729502241733	0.540746466431095	0.0924143604951444	PKM	209	KEGG_2021_Human
FoxO signaling pathway	1/131	0.847363123493757	0.873729502241733	0.532372927425931	0.0881747766362466	RBL2	210	KEGG_2021_Human
Oxidative phosphorylation	1/133	0.851695514859993	0.873729502241733	0.524253132026984	0.0841563594274875	ATP5F1B	211	KEGG_2021_Human
Systemic lupus erythematosus	1/135	0.855905357875033	0.873729502241733	0.516375718580244	0.0803457237563606	TNF	212	KEGG_2021_Human
Calcium signaling pathway	2/240	0.857623889297185	0.873729502241733	0.58042791584719	0.0891477106147137	CALM1;CXCR4	213	KEGG_2021_Human
Signaling pathways regulating pluripotency of stem cells	1/143	0.87158689825908	0.883805406178599	0.487085054496591	0.0669448275892006	ID2	214	KEGG_2021_Human
Wnt signaling pathway	1/166	0.907820261116168	0.916265100754458	0.418695791840668	0.0404915970233274	RAC2	215	KEGG_2021_Human
Neuroactive ligand-receptor interaction	2/341	0.956181269503828	0.96060803464042	0.405385049896441	0.0181644006663046	PTGDR;GZMA	216	KEGG_2021_Human
Olfactory transduction	1/440	0.998276483417659	0.998276483417659	0.155163115657976	0.000267656924691842	CALM1	217	KEGG_2021_Human
